DUT,XCoord,YCoord,Bin,subject_01,subject_02,subject_03,subject_04,subject_05,subject_06,subject_08,subject_09,subject_10,subject_11,subject_12,subject_13,subject_14,subject_15,subject_16,subject_17,subject_18,subject_20,subject_21,subject_22,subject_23,subject_24,subject_25,subject_26,subject_27,subject_28,subject_29,subject_30,subject_31,subject_32,subject_34,subject_35,subject_36,subject_37,subject_38,subject_39,subject_40,subject_41,subject_42,subject_43,subject_44,subject_45,subject_46,subject_48,subject_49,subject_50
units,,,,points,points,points,points,points,points,points,points,points,points,points,points,points,points,points,points,points,points,points,points,points,points,points,points,points,points,points,points,points,points,points,points,points,points,points,points,points,points,points,points,points,points,points,points,points,points
lo,,,,-6.844,-5.656,-8.295,-9.662,-9.688,-4.842,-9.268,-5.23,-6.844,-8.773,-5.528,-7.015,-6.402,-7.232,-4.363,-7.003,-8.848,-9.092,-7.775,-4.377,-8.04,-6.426,-5.267,-7.382,-5.025,-8.409,-7.957,-7.752,-7.366,-9.297,-6.855,-5.419,-5.85,-9.391,-5.515,-6.385,-7.243,-4.151,-8.767,-8.193,-4.857,-8.938,-6.127,-4.531,-9.686,-4.287
up,,,,6.881,7.065,9.349,7.839,9.071,4.395,8.469,7.167,5.559,7.139,3.56,8.452,5.607,8.528,5.6,8.312,10.064,9.407,7.076,5.098,9.857,4.831,6.931,7.407,6.643,6.604,9.808,8.931,8.415,8.004,8.098,7.149,5.3,9.504,5.268,6.262,6.293,5.337,9.299,8.701,4.897,8.842,6.737,4.994,8.099,6.037
lo,,,,-6.844,-5.656,-8.295,-9.662,-9.688,-4.842,-9.268,-5.23,-6.844,-8.773,-5.528,-7.015,-6.402,-7.232,-4.363,-7.003,-8.848,-9.092,-7.775,-4.377,-8.04,-6.426,-5.267,-7.382,-5.025,-8.409,-7.957,-7.752,-7.366,-9.297,-6.855,-5.419,-5.85,-9.391,-5.515,-6.385,-7.243,-4.151,-8.767,-8.193,-4.857,-8.938,-6.127,-4.531,-9.686,-4.287
up,,,,6.881,7.065,9.349,7.839,9.071,4.395,8.469,7.167,5.559,7.139,3.56,8.452,5.607,8.528,5.6,8.312,10.064,9.407,7.076,5.098,9.857,4.831,6.931,7.407,6.643,6.604,9.808,8.931,8.415,8.004,8.098,7.149,5.3,9.504,5.268,6.262,6.293,5.337,9.299,8.701,4.897,8.842,6.737,4.994,8.099,6.037
1,12,6,1,-0.002,1.259,0.788,0.697,-3.59,-0.735,0.839,0.285,0.181,0.113,-0.198,0.264,-0.669,1.398,0.784,-0.08,0.739,0.608,0.033,0.304,2.821,-1.378,0.575,-0.792,1.49,0.123,-0.133,0.16,0.794,-1.143,1.871,1.899,0.833,-0.003,-1.044,0.654,-0.47,1.301,-0.137,-0.333,0.833,1.85,0.883,0.305,0.545,1.806
2,8,9,1,-0.784,0.31,1.253,-2.3,-0.724,-0.709,0.338,2.464,-0.785,-1.145,-1.319,1.793,-0.578,1.246,0.598,1.657,0.575,-1.158,0.318,0.181,-0.727,-0.179,0.249,-0.085,0.512,0.301,0.564,0.121,1.028,0.073,0.423,0.889,0.03,-0.795,-0.024,-0.234,-0.248,0.543,0.427,1.143,-0.055,-1.382,-0.06,0.653,-1.554,1.815
3,3,10,1,0.095,0.769,1.09,-1.269,-0.745,0.488,-0.459,1.264,-0.453,-2.376,-1.551,-1.191,0.971,0.762,0.972,0.269,-0.799,3.153,0.379,0.497,-1.334,0.027,-0.64,1.777,-0.324,-1.426,2.232,-0.189,1.529,-0.29,0.793,0.574,-0.056,0.843,0.035,-1.347,-0.081,0.74,-0.042,-0.594,0.343,-0.926,0.529,0.448,-0.718,0.014
4,24,5,1,0.59,0.811,3.028,-1.861,0.682,0.172,0.932,0.772,-0.128,-0.731,-1.574,0.575,-1.657,0.068,1.044,1.328,0.368,0.447,0.198,0.464,0.462,-1.564,0.706,-0.826,1.22,-0.616,2.283,0.247,0.959,0.407,0.503,1.176,-0.009,0.786,0.074,-1.341,-0.089,0.608,0.584,2.049,-1.615,-1.498,1.232,0.64,-1.393,1.225
5,22,5,1,0.227,1.443,1.866,-0.021,-2.582,-0.069,0.266,1.062,-0.028,-1.646,-2,1.055,-0.257,1.573,0.457,1.256,1.704,0.098,0.943,0.91,0.623,-1.456,-0.499,0.203,0.552,-0.699,0.448,-0.054,1.545,-0.298,-0.319,0.655,-0.735,0.954,-0.689,0.723,-0.199,0.117,-0.101,0.931,-0.145,2.597,0.476,0.119,-0.319,1.209
6,19,8,1,-0.387,1.067,0.768,-1.54,-2.061,-1.115,-0.74,0.906,-0.35,-1.585,-1.799,0.747,-0.8,0.668,0.953,1.297,1.459,-1.23,-0.869,0.473,1.263,-0.357,1.102,1.412,0.571,-1.372,0.582,1.225,-1.116,-0.24,0.877,0.923,-2.101,0.164,-0.107,-0.403,-1.326,-0.012,1.479,0.35,-0.226,-0.661,-0.238,0.296,-0.386,1.067
7,6,6,1,-1.079,0.63,1.596,-0.007,-0.068,-0.64,-0.799,1.179,0.011,-1.271,-0.728,0.491,0.096,1.575,0.595,1.81,0.782,-0.278,0.482,0.527,1.18,-0.312,-0.207,0.32,0.914,-2.012,0.56,1.368,-0.416,-0.347,-0.175,-0.057,-0.434,-0.936,1.392,-0.579,0.306,0.666,-1.244,-0.592,-0.448,-1.803,0.102,0.558,-1.859,0.936
8,10,6,1,-0.325,1.067,0.121,0.246,0.965,-0.055,0.293,2.672,-1.485,-0.339,-1.127,1.466,0.133,-0.604,1.335,0.594,0.262,-1.098,1.064,1.277,1.303,-0.966,-0.305,1.4,1.012,-2.479,0.962,-0.778,1.059,0.741,1.093,1.165,-0.276,-1.72,-0.198,0.278,-0.346,0.646,-2.094,1.577,0.324,-0.443,-0.16,0.824,-1.099,0.362
9,3,1,1,-0.249,1.635,-0.773,-0.313,-0.728,-0.146,0.161,0.863,-0.029,-1.132,-0.14,0.258,-0.367,-0.613,0.046,0.339,-0.259,0.413,-0.19,0.145,0.259,-1.052,0.798,0.496,0.849,-2.012,0.025,-0.715,1.208,-0.756,0.835,0.824,-0.037,0.268,-0.581,-1.135,0.925,-0.452,-0.386,0.326,0.149,-0.558,1.466,0.661,0.565,0.05
10,30,10,1,-0.124,0.999,0.435,-1.178,-1.25,-0.647,-0.926,0.525,0.008,-0.568,-0.771,-0.27,0.118,-1.723,1.082,0.198,-0.844,2.159,0.063,1.084,0.361,-0.376,1.325,-0.408,1.068,-1.012,1.604,-1.277,-0.119,-1.245,0.148,2.425,0.567,0.726,-0.1,-0.799,0.083,1.075,-0.635,0.163,0.146,1.191,-0.345,1.265,1.683,0.892
11,29,5,1,-1.597,1.933,0.977,-1.612,1.521,-0.103,-0.094,0.911,-1.142,-1.402,-1.175,1.472,-0.449,0.562,0.083,-0.237,0.447,0.3,-1.714,0.758,1.858,0.562,2.145,-1.426,1.005,-0.812,2.242,0.966,-0.322,-0.357,1.124,0.712,-0.288,0.749,0.041,-0.392,-2.223,0.618,1.201,-0.564,-0.001,1.199,1.052,0.321,-0.117,0.729
12,5,5,1,0.132,0.294,0.747,-1.485,-0.181,-0.73,-1.627,1.541,-0.607,1.232,-1.218,1.528,0.255,1.952,1.292,0.807,1.316,1.696,1.263,1.064,1.332,-0.498,-0.305,-1.972,0.547,-0.98,0.664,2.054,-0.613,-0.972,1.273,1.447,-0.2,1.144,0.88,0.542,-1.675,0.109,-0.164,-0.373,0.477,0.087,0.243,0.542,-0.25,2.008
13,6,1,1,0.305,0.564,0.847,-0.552,-2.532,-0.757,-1.624,0.305,-0.044,-1.288,-0.5,0.591,0.776,0.381,0.854,0.218,1.076,0.333,-0.155,0.658,-1.01,-1.052,1.171,-0.284,2.43,-0.703,1.274,-0.392,0.679,-1.125,-0.492,-1.018,0.145,0.624,-0.412,-0.573,-0.791,0.535,0.29,-0.1,-0.399,0.003,0.495,0.503,-2.845,1.026
14,7,1,1,0.075,0.709,-0.163,0.099,-0.851,-1.642,0.292,-1.044,-1.68,-0.569,-0.129,0.462,0.244,0.601,1.432,0.675,0.599,3.888,-0.632,1.01,2.036,-0.838,1.101,-1.214,1.047,-0.785,-0.198,1.322,0.264,-1.455,-0.708,1.249,0.203,-0.036,-0.697,0.308,-1.865,0.581,0.223,0.278,-0.627,-0.47,-0.163,0.434,-0.973,0.526
15,14,3,1,0.271,1.208,0.409,-0.761,-1.904,-0.886,-0.335,1.548,-0.701,-1.181,-0.884,1.114,-0.313,2.209,1.522,0.816,1.97,-1.161,-0.813,0.13,0.089,0.778,1.279,0.916,0.138,0.118,1.341,0.602,-0.08,-1.653,0.171,0.657,0.271,-0.326,-0.134,1.054,-0.814,0.362,1.578,1.176,1.035,0.017,-1.061,0.643,-0.092,1.009
16,30,8,1,1.039,-0.111,-0.318,-1.17,-0.815,-0.172,0.016,0.243,0.052,-0.334,-0.759,0.648,-0.941,0.386,0.128,0.993,0.261,0.721,-0.187,0.353,-1.3,-1.44,2.246,0.118,-0.035,0.979,0.998,1.592,1.981,1.049,0.103,0.364,0.949,0.764,-0.385,-1.179,-0.743,0.199,1.667,1.442,0.539,-1.373,0.47,0.227,-1.219,0.458
17,15,2,1,-0.552,0.255,-0.344,-1.18,0.042,-0.058,-0.498,-0.551,-0.153,1.034,-1.006,0.28,-0.304,0.125,1.279,-0.373,-1.164,0.557,-0.901,-0.014,0.694,-0.816,-0.029,0.625,0.786,-2.068,0.592,-0.387,-0.091,0.216,2.064,1.293,0.543,1.128,1.304,0.767,-1.092,0.297,1.934,2.172,-0.504,0.713,0.676,0.801,0.597,0.284
18,9,3,1,0.271,0.687,1.632,-1.39,-1.21,0.287,0.042,1.253,-1.232,-0.212,-1.258,1.517,-0.178,1.525,0.755,0.96,2.266,0.881,-0.515,0.51,1.537,-2.201,-0.74,0.543,1.12,-0.72,0.074,1.111,0.858,-0.065,-0.703,0.998,-0.152,-0.58,1.126,-0.363,-1.174,1.281,0.172,-0.114,0.575,1.025,1.36,1.032,-0.044,1.976
19,7,6,1,0.217,0.698,1.148,0.477,-1.716,-0.693,-0.611,3.086,-0.822,-2.404,-1.434,1.872,0.544,-0.85,-0.007,1.044,2.876,-0.103,-1.462,0.155,1.637,0.049,0.908,0.83,0.398,-1.133,0.947,0.503,-0.414,-1.852,0.801,0.127,0.04,0.868,-0.876,-0.181,0.466,0.916,-0.119,0.393,-0.458,-0.841,-0.214,-0.385,0.298,1.274
20,26,6,60,-0.224,0.006,0.828,-0.662,-1.248,-0.68,1.918,0.93,-0.494,-1.378,-1.535,1.131,-0.451,0.348,2.171,0.283,0.638,-1.304,-0.963,0.522,1.023,-0.821,0.987,0.175,0.307,-0.236,1.07,-1.422,0.92,-0.394,,,,,,,,,,,,,,,,
21,21,5,1,1.316,0.709,1.413,-1.314,1.125,0.808,0.6,2.552,1.51,0.629,-1.184,2.898,-0.939,1.372,0.544,0.67,0.291,0.877,-1.546,1.065,0.694,1.241,0.515,0.023,1.597,-1.365,-0.018,1.068,0.338,-1.041,0.63,0.48,-0.268,1.756,-0.474,0.626,-0.858,-0.347,0.042,0.691,0.44,-0.984,1.159,0.631,-1.67,0.502
22,28,6,1,-0.313,0.174,-0.896,-0.56,-0.719,-0.053,-0.171,0.903,-1.737,-0.61,-1.392,-1.459,-0.1,-0.25,0.664,1.32,0.801,1.319,0.398,1.447,0.209,0.001,1.259,-0.518,1.053,-1.717,1.79,1.204,-1.199,-0.133,0.072,0.099,-0.448,0.14,-0.597,-0.812,-1.701,0.664,0.629,0.868,0.472,0.744,1.788,-0.186,-0.311,0.933
23,27,5,1,-0.467,0.416,0.502,0.02,-0.692,0.159,-0.19,0.337,-0.019,-0.729,-0.303,1.468,0.368,0.759,0.045,1.165,0.958,-0.385,0.21,0.678,2.827,-1.836,1.283,1.486,0.366,-0.864,2.769,0.715,-0.213,-0.352,-1.288,1.427,0.066,-1.882,-0.345,0.622,-0.604,0.066,-0.714,1.547,-0.733,0.733,0.465,0.195,-1.809,1.734
24,11,6,1,0.221,1.178,-0.388,-1.582,-1.252,0.076,-1.401,2.381,-1.07,-0.955,-1.254,0.992,0.718,-1.975,1.72,0.762,1.24,-1.257,-0.147,0.423,2.122,-0.146,0.365,1.193,0.259,0.152,0.735,0.936,0.744,-1.894,1.208,0.817,-0.314,-0.454,-0.044,-0.434,-1.185,0.439,-0.907,0.456,-0.427,-0.435,0.333,-0.426,-0.803,1.297
1,28,3,1,-0.918,1.092,0.713,-1.512,-0.828,-0.418,0.257,0.632,-0.509,-1.177,-0.693,1.085,-0.261,0.795,0.079,0.015,0.453,0.15,-0.078,0.143,-0.23,-0.429,0.832,0.415,0.727,0.408,0.53,-0.299,-0.618,-1.16,1.357,0.298,0.131,-0.204,-1.207,-0.393,-2.191,0.781,0.248,0.643,0.091,-0.051,-0.35,0.3,-0.825,1.147
2,13,7,1,-0.01,0.423,1.027,0.322,-0.817,-1.138,-0.932,0.595,-0.874,-1.707,-0.363,0.805,-0.916,2.206,1.387,1.092,-0.426,-0.627,-1.043,0.691,0.265,-1.582,1.214,-0.45,0.289,-1.947,2.131,1.382,1.177,-0.017,0.36,0.414,-0.565,-1.561,-0.894,-1.296,-0.701,1.649,0.874,0.092,0.382,0.643,0.437,0.465,0.543,-0.729
3,11,5,1,-0.074,-0.291,1.307,-0.037,-1.293,-1.279,1.373,0.749,-0.967,-2.529,-0.501,1.703,-0.295,-1.088,0.786,-0.193,-1.158,-2.259,-0.751,1.301,0.169,-0.972,1.096,-0.793,0.714,-1.337,0.838,0.028,0.776,-1.074,0.399,1.365,0.461,1.196,-0.729,-0.133,-0.124,1.403,-0.299,0.072,0.033,-0.489,0.255,0.502,-0.096,0.222
4,23,3,80,0.935,0.639,1.104,-1.85,1.482,-0.344,-1.059,1.63,-1.118,-2.052,-1.087,1.034,-1.424,1.749,0.498,0.559,3.193,0.984,-0.539,0.698,-0.975,0.262,1.196,0.076,0.864,-1.872,2.181,0.986,1.071,-1.46,1.373,1.348,-0.282,-2.667,-0.416,-0.656,0.315,0.748,0.33,1.607,-6.972,,,,,
5,7,9,1,-0.162,0.92,1.729,-2.937,-1.362,-0.985,1.112,1.113,-0.833,-0.63,-0.73,1.631,0.232,0.93,-0.6,0.315,-0.264,0.909,0.744,0.289,2.614,0.623,0.686,-0.041,2.948,-0.508,-0.256,0.871,0.197,1.584,0.351,1.926,-0.965,0.81,0.325,0.692,0.312,1.204,0.877,0.088,0.151,-1.428,1.501,-0.049,-0.386,1.034
6,26,7,1,1.064,0.582,-0.373,-0.062,0.312,-0.174,-0.452,1.237,-0.06,0.295,-1.248,0.938,-0.858,0.851,0.867,1.221,-0.406,-0.197,-0.167,0.183,-0.443,-0.258,1.181,-0.791,0.441,-1.056,0.318,1.688,-0.628,1.275,0.565,-0.333,-0.889,1.983,0.329,0.95,-0.863,0.188,0.959,-1.537,-0.054,0.667,1.497,0.523,0.211,0.827
7,17,10,1,-1.245,0.488,1.095,-0.894,-0.023,0.262,-1.262,0.773,-1.359,-0.708,-1.55,-0.189,-0.128,0.007,0.687,-0.447,-0.161,-0.912,1.426,-0.026,1.993,-1.453,0.698,-1.718,0.157,-0.884,0.134,0.305,0.709,-0.624,0.795,1.511,-0.39,2.502,0.034,0.268,1.055,0.802,0.87,1.462,-0.056,-0.257,1.237,0.783,0.036,0.888
8,1,4,1,-0.108,1.054,-1.433,-0.901,0.945,-1.018,0.937,0.552,-2.024,-1.684,-0.873,1.501,-0.162,-0.091,1.529,0.394,-2.471,2.369,-0.571,0.031,0.196,-1.035,-0.926,-0.288,0.649,-0.862,1.441,1.066,1.011,-1.307,2.679,1.969,0.86,-0.631,-0.826,0.246,-0.49,0.913,1.889,1.19,0.015,0.232,-0.077,0.907,0.057,2.09
9,11,10,50,-0.781,1.221,1.527,-0.231,-2.196,-0.456,-1.299,0.245,-1.625,-0.004,-0.929,0.81,0.014,1.432,0.757,-0.219,-0.486,-1.078,-2.295,0.61,3.126,-1.132,-6.518,,,,,,,,,,,,,,,,,,,,,,,
10,5,6,1,0.207,2.692,0.028,-1.367,-0.491,-0.129,-0.183,2.024,-1.523,-1.708,-0.296,1.878,1.127,1.296,-0.176,1.48,0.89,-1.504,-0.327,-0.107,0.671,-1.701,0.972,1.91,0.185,0.252,1.46,1.588,2.073,0.232,1.244,2.153,0.104,-2.088,0.261,-0.026,1.087,0.171,-0.14,0.058,0.891,-0.217,-1.002,0.317,-1.276,0.55
11,18,8,1,0.438,-0.424,-0.616,-2.09,-0.967,-0.092,-0.735,0.587,-0.614,-0.581,-1.429,1.428,0.4,1.311,0.669,0.484,2.551,0.611,-1.086,0.732,1.334,-0.835,0.029,2.05,0.536,-0.448,0.566,-0.151,1.886,-1.643,-0.135,1.833,-0.947,-0.856,-0.114,-0.646,-0.828,0.776,2.901,0.784,-0.504,-2,0.445,-0.193,-2.069,0.327
12,13,10,1,-0.295,0.041,-1.058,-1.692,-0.263,0.077,0.652,1.461,-0.461,-1.089,-1.032,-0.422,-1.439,1.744,0.501,1.578,0.67,-0.698,0.505,0.674,2.289,-1.597,-0.109,-0.38,0.772,-0.347,1.312,0.943,1.024,0.165,-0.094,0.413,-1.291,-1.344,0.364,-0.163,-1.213,0.831,0.237,-0.949,-0.649,0.368,1.345,0.091,0.89,1.119
13,8,4,1,0.584,1.875,0.409,-2.651,-2.037,-0.247,-0.548,0.921,-0.732,-1.561,-0.811,1.662,0.267,0.406,1.11,0.243,1.001,1.533,-1.221,-0.539,1.209,-0.418,0.18,0.823,2.086,0.169,0.313,1.466,0.248,-1.262,0.599,0.397,-0.54,4.256,-0.214,-0.36,-0.058,0.362,-0.591,0.711,0.596,-0.348,0.669,-0.494,-1.664,0.548
14,23,7,1,-0.71,0.07,0.914,0.179,-0.138,0.181,-1.304,1.278,-1.007,-0.287,-0.935,0.845,0.552,2.283,0.448,0.259,1.601,-1.431,1.263,0.392,1.212,-1.058,-0.048,-0.508,0.061,-0.265,0.155,0.068,2.223,-0.355,0.058,0.52,-0.832,0.261,-0.637,-0.417,-1.323,-0.104,-0.456,0.427,-0.575,-1.512,0.27,-0.477,-0.183,1.091
15,12,4,1,-1.673,0.708,1.881,-1.338,1.604,0.187,-1.665,1.17,-0.548,-0.649,-0.858,2.103,-0.114,-0.709,0.433,0.321,0.77,-0.401,-1.151,0.605,0.429,-1.191,1.208,-0.037,1.354,-0.621,-1.065,-0.46,0.212,0.699,0.189,1.944,-1.327,-0.671,0.055,0.194,-0.194,1.344,0.92,0.355,0.124,0.318,-0.335,-0.229,-0.857,1.315
16,6,2,1,-1.008,-0.079,0.425,-2.488,2.068,-0.789,-0.081,0.552,-0.965,-2.165,-1.777,1.422,-0.161,1.007,0.056,0.404,-0.867,0.095,-0.57,0.865,2.054,0.289,2.77,-0.612,1.337,-0.104,2.358,1.284,0.839,0.433,-0.198,0.661,0.612,1.749,-0.873,-0.742,-0.686,0.621,-0.31,0.372,-0.325,1.755,-0.299,1.108,-3.513,-0.495
17,8,7,1,-0.028,0.123,0.749,0.086,-0.989,-0.116,0.615,0.734,-0.697,-1.26,-1.419,1.318,-2.501,1.568,0.785,1.59,-0.009,1.37,-0.562,0.15,2.267,-0.115,0.117,1.391,1.264,-1.402,1.359,-0.142,1.726,0.95,0.68,1.696,0.121,0.69,-0.498,-0.502,-0.584,0.404,-0.494,0.075,0.165,0.853,-0.587,-0.037,-1.057,0.292
18,26,5,1,-0.686,0.265,-0.455,-1.866,0.973,-0.07,0.258,0.582,0.187,-1.29,-1.384,2.133,0.113,-0.573,0.171,-1.149,1.075,-0.364,-0.737,0.533,1.726,-1.302,-0.1,-0.376,0.283,-1.989,1.997,1.192,-0.864,-0.527,-0.055,1.582,-0.619,-0.879,-0.402,-0.993,0.567,1.091,0.255,-1.318,0.397,-0.29,0.777,0.365,1.644,0.584
19,4,10,1,1.847,0.727,1.318,-0.034,0.898,-1.19,1.096,0.646,-1.64,-0.598,-1.061,1.181,-1.382,1.819,1.112,1.489,0.132,-1.992,-1.064,-0.809,1.793,-1.912,1.931,-1.31,0.169,-1.253,1.812,0.596,1.518,-0.002,0.218,0.528,-1.158,-1.313,-0.485,0.523,-1.015,0.454,-0.199,0.953,0.395,0.483,-0.416,0.103,-1.722,1.188
20,28,8,1,0.289,-0.193,-0.171,-2.203,-0.466,0.116,0.722,1.294,-1.399,-1.051,-1.684,-0.354,-0.154,-0.872,0.046,0.465,1.076,-0.233,-0.575,0.357,1.166,-0.921,0.659,-0.032,0.661,-1.221,0.008,-0.41,1.041,-2.216,-0.306,1.476,-0.494,1.749,0.495,0.51,-0.219,0.386,1.645,1.173,0.136,-0.891,0.251,1.346,-0.573,0.267
21,3,3,1,-0.67,-0.179,1.015,0.772,0.563,-0.227,-0.019,1.378,2.071,-0.789,-0.869,1.012,-0.531,-0.627,0.532,0.782,0.563,2.55,-0.971,-0.073,1.016,-1.872,1.472,-1.111,0.479,0.265,2.019,-0.089,0.188,0.083,1.02,0.185,0.906,-0.927,0.415,-1.485,-0.698,-0.359,2.308,0.496,0.634,-0.861,0.526,0.722,-1.472,1.584
22,7,4,1,-0.089,-0.212,3.15,-0.568,0.559,-0.048,-1.24,1.692,-0.021,-0.584,-1.254,1.093,-0.66,0.441,1.539,1.739,0.183,0.214,-0.285,0.3,1.184,-1.377,0.081,0.214,1.026,-1.008,0.874,0.654,0.125,-1.209,-0.006,0.723,0.191,0.398,-0.014,0.025,1.176,1.12,-0.833,-0.986,0.008,1.177,0.499,0.342,-0.655,0.376
23,16,3,30,0.109,0.923,-0.894,-0.148,-1.704,0.463,-0.755,-0.097,-1.139,-1.411,-0.303,-8.364,,,,,,,,,,,,,,,,,,,,,,,,,,,,,,,,,,
24,28,4,1,0.401,0.612,2.647,-1.945,-1.749,0.364,-2.109,1.009,0.288,-1.114,-0.874,1.495,0.426,-0.854,-0.16,1.177,0.048,-1.656,0.686,0.093,-0.973,-0.681,0.839,-0.179,-0.16,-1.7,2.26,0.547,0.876,-0.686,0.97,-0.421,-0.05,0.742,-0.143,-0.48,-0.935,0.458,-0.23,-0.272,-0.176,-0.489,0.494,0.635,-2.328,0.188
1,18,6,1,-0.484,1.616,2.272,0.29,-0.251,0.217,0.919,1.527,-0.674,-0.336,-1.617,2.099,0.755,1.397,1.25,-0.881,2.78,1.498,-1.295,0.231,0.844,0.003,0.595,0.175,0.23,-0.771,1.644,0.583,0.19,0.911,0.41,0.897,0.237,0.532,0.826,-0.261,-1.001,0.503,-0.642,-0.811,-0.16,0.674,0.635,-0.395,-0.635,0.184
2,14,9,1,0.863,1.165,-1.833,0.341,2.149,0.07,-1.735,1.902,-0.047,0.302,-1.942,-0.388,0.152,0.947,0.413,1.107,-0.089,0.735,0.715,0.284,1.71,-0.65,-0.051,0.297,0.102,-0.359,2.308,0.374,2.255,-1.495,1.584,0.57,0.251,-1.571,-0.909,0.602,1.121,0.985,1.15,0.651,0.387,1.973,-0.289,1.15,-0.359,1.33
3,26,10,1,0.345,2.031,-0.015,-0.087,0.128,0.238,-0.888,1.091,-0.764,0.524,-0.875,-0.267,-0.461,0.101,0.667,0.41,0.578,-0.323,-2.185,0.437,0.439,-0.71,1.848,1.037,0.075,-1.571,0.363,-0.198,3.027,-0.794,0.459,1.864,-0.184,1.865,-0.918,0.22,-0.052,0.635,0.31,1.197,1.055,-0.484,0.053,-0.694,-1.569,0.898
4,25,5,1,-1.049,0.264,-0.932,0.077,-0.85,-0.6,0.527,2.018,-0.599,-0.554,-1.971,2.326,-0.883,-0.244,-0.178,2.068,1.07,1.025,-0.239,0.096,1.741,-0.579,0.402,0.865,1.358,0.176,0.531,0.522,1.295,1.026,1.445,2.19,-0.765,0.986,0.777,0.49,0.924,0.571,-1.462,0.185,-0.532,-1.954,0.661,-0.542,-0.696,0.303
5,25,4,1,0.184,1.57,-0.771,-0.763,-0.823,0.706,-0.328,1.438,-0.027,-1.026,-1.912,-0.131,-0.446,1.496,0.549,1.103,0.256,-1.008,0.897,0.261,1.717,-1.658,1.25,0.024,0.455,-1.396,2.402,1.304,1.479,1.176,0.795,0.586,-0.305,-0.423,-0.365,1.752,-0.603,0.028,0.715,0.331,-0.288,-1.039,0.363,0.475,-0.717,0.054
6,11,2,1,1.467,0.007,0.614,-1.698,-0.443,-0.993,-1.736,1.128,-1.008,-1.069,-1.342,1.867,0.185,0.199,0.429,0.947,0.108,1.971,-1.248,0.107,0.703,-0.948,1.469,-1.814,-0.114,-1.392,1.974,-0.2,0.21,-0.605,-0.141,0.371,0.158,-1.682,-0.06,0.972,-0.31,0.179,0.929,-0.536,-0.314,-0.399,-0.127,0.827,-2.227,0.241
7,7,3,1,0.384,0.008,-0.555,-1.176,0.025,0.251,1.018,1.663,-0.656,0.08,-0.637,-0.39,1.203,0.551,0.033,0.213,0.33,0.309,-1.331,0.52,1.519,-1.093,-0.406,-1.322,0.673,-1.218,0.325,0.41,-0.452,-0.453,-0.349,-0.011,-0.274,-0.04,1.073,1.016,0.534,1.436,-0.09,0.072,-0.398,-1.398,-0.265,-0.04,-0.35,0.429
8,14,8,1,0.673,1.077,0.116,1.828,0.871,0.102,0.165,0.37,-0.982,-1.863,-0.623,0.401,-1.16,-0.515,0.079,-1.354,-0.838,-1.524,-0.821,0.498,0.015,-2.032,1.146,-0.87,1.214,-0.989,0.902,-0.494,1.045,-0.895,1.073,1.12,-0.469,-0.003,-0.814,-0.731,-0.903,0.395,0.289,-0.21,-0.096,0.402,1.109,-1.289,-1.342,0.785
9,26,1,20,1.185,0.662,-1.466,0.595,-1.085,-0.438,-0.303,-6.474,,,,,,,,,,,,,,,,,,,,,,,,,,,,,,,,,,,,,,
10,5,2,1,-0.995,-0.963,0.14,-1.273,-0.287,0.241,-1.783,0.352,-1.56,-2.127,-0.563,1.776,-0.992,1.239,1.305,-0.105,-0.538,0.155,-0.481,0.111,1.482,-0.452,0.81,-0.546,1.633,-0.428,0.293,0.576,0.268,-2.599,-0.412,1.351,-0.456,-0.215,0.038,-0.841,-0.906,0.79,-0.096,-0.188,0.193,0.54,1.113,0.72,-1.162,1.657
11,12,3,1,0.726,-0.255,0.173,0.139,0.84,-0.622,-1.848,0.829,0.4,-0.728,-0.873,2.961,-0.301,0.839,0.949,-0.014,0.326,0.368,-0.732,0.268,-0.327,-0.697,1.494,0.864,0.037,-1.963,2.075,0.681,1.736,-0.74,1.771,1.177,-0.721,1.32,0.54,0.078,-0.5,1.382,-1.23,-0.5,0.213,-0.315,-0.44,0.882,-1.912,-0.458
12,4,5,1,0.507,-0.933,0.164,-0.556,-0.514,-0.373,0.101,0.868,0.009,-0.611,-0.398,0.647,-0.264,-1.601,0.632,2.536,2.791,-0.18,-0.155,0.826,1.68,-0.153,0.3,-0.149,1.784,-1.671,0.365,2.398,-0.557,-1.318,1.142,1.61,-0.498,-0.648,0.244,0.579,-0.908,0.85,1.709,0.78,1.775,0.524,0.303,1.133,-0.626,1.184
13,2,6,1,-1.828,0.71,-1.156,-0.711,-1.172,0.652,-1.255,1.648,-1.125,-2.864,-1.11,0.569,-0.321,2.623,0.722,0.209,0.93,0.333,1.694,-0.653,1.949,-0.316,-0.951,-0.297,1.05,-1.78,1.529,0.543,-0.113,-0.389,0.293,0.715,-1.764,1.795,0.068,0.169,-1.416,0.474,-0.472,1.572,0.696,0.452,0.598,1.134,-1.34,1.272
14,16,9,1,0.459,1.995,2.526,-2.02,-0.15,1.257,0.105,1.156,-1.136,-0.609,0.095,0.265,-1.254,2.293,0.27,1.4,1.541,0.638,-1.54,-0.017,0.549,-1.312,1.056,-0.535,1.312,-0.882,0.807,0.749,2.039,0.166,0.129,0.377,0.598,0.257,-0.571,0.216,-0.417,0.74,-1.432,0.867,0.215,0.809,0.371,-0.081,-2.305,0.918
15,1,6,1,-1.531,-0.56,1.228,-2.424,-0.047,0.348,0.091,0.136,-0.678,-1.647,-1.442,0.063,-1.303,-0.715,0.657,0.453,2.043,0.57,-0.032,0.292,0.916,-1.12,0.342,-0.713,-0.219,-2.356,1.222,0.573,-0.451,0.859,1.927,1.664,0.29,1.564,-0.149,-1.401,-0.911,0.217,-0.214,2.728,-0.017,-0.697,-0.862,0.852,0.797,0.114
16,12,2,1,2.046,1.185,0.534,-1.124,-1.298,-0.968,0.344,0.304,-0.774,-1.708,-0.347,-0.01,0.246,0.833,0.573,1.595,0.165,1.727,-1.447,0.968,0.956,-0.912,1.339,0.136,-0.093,-0.529,1.621,-0.541,0.214,-0.721,-0.498,0.093,0.329,-1.676,1.16,-0.127,-1.13,0.28,-0.303,-0.125,0.35,-0.245,-0.279,-0.277,-1.055,1.291
17,25,2,1,0.573,0.243,3.227,-1.551,-0.889,0.4,1.09,1.527,-1.306,-1.073,-0.841,0.526,-0.907,1.652,0.584,0.981,0.233,0.463,0.156,1.113,-0.303,0.978,0.027,-0.479,1.161,-0.461,2.141,2.412,0.707,-0.964,0.873,0.532,0.739,1.439,0.745,0.512,-1.398,1.007,0.778,1.596,-0.076,1.091,1.425,0.537,-3.364,0.601
18,29,9,1,1.313,0.131,0.444,-0.884,-0.838,1.497,-0.659,0.589,-0.692,-2.21,-0.764,1.097,-0.245,-0.031,0.502,0.701,-0.826,1.359,-0.873,0.229,-0.653,-0.53,0.865,-0.883,0.929,-1.343,1.704,0.175,1.371,-2.05,0.827,1.422,-0.344,0.514,-0.476,0.05,-1.073,0.339,0.63,1.552,1.171,-0.247,1.266,0.024,0.427,0.214
19,16,10,1,-0.396,0.954,-0.305,-0.418,-0.716,-0.2,-0.914,0.534,-0.789,-1.877,-1.626,-0.686,0.245,-0.381,0.149,0.894,1.552,-0.421,0.044,0.874,0.209,-1.839,2.445,0.344,1.265,-0.504,2.149,0.398,0.302,0.234,0.024,1.161,0.177,-0.311,-0.918,0.502,-0.017,0.527,0.142,0.335,0.038,0.192,0.602,0.288,-0.259,0.193
20,22,10,1,0.237,0.047,1.032,-1.434,-0.684,-0.111,0.371,1.636,-0.795,-1.281,-2.161,0.652,-0.923,-0.251,0.985,1.531,0.95,0.71,-1.265,0.295,2.141,-1.03,0.417,0.573,0.733,0.547,-0.695,1.144,1.121,-1.215,0.019,0.94,-0.908,0.654,-0.016,0.436,-1.432,0.747,-0.65,0.743,-0.468,2.565,1.394,0.714,-1.037,1.02
21,26,3,1,-0.021,-0.586,-0.089,-1.631,-0.969,-1.187,-0.612,0.673,-0.938,-1.269,-0.698,1.842,-0.384,1.354,0.157,-0.66,-0.725,1.012,-0.906,0.149,1.521,-1.082,1.276,-0.22,1.617,-0.138,1.626,0.095,0.815,0.41,1.484,-0.094,-1.275,-0.507,0.103,0.249,-0.951,-0.225,1.363,-1.55,-0.022,-0.404,0.441,-0.096,-0.622,1.19
22,20,3,1,0.361,-0.006,-1.137,-1.509,-0.987,-0.148,-0.852,0.839,-1.176,0.242,-1.41,-2.019,-1.552,0.85,0.877,0.274,0.678,-1.013,-0.893,0.062,0.52,-0.12,1.417,0.144,0.766,-0.539,0.25,0.348,0.966,-1.285,0.873,1.269,-0.348,0.563,-0.845,-0.293,0.021,1.13,1.175,-1.119,0.394,2.785,0.854,-0.681,-0.408,0.582
23,10,9,1,0.976,1.647,0.666,-1.276,-1.998,0.577,-0.635,1.323,-0.125,-0.4,-1.154,1.021,-0.135,-0.087,1.091,1.648,-0.932,0.741,-1.051,0.704,1.335,0.024,-0.052,-0.338,0.318,-1.67,0.426,0.889,-1.888,-0.591,0.714,0.407,0.773,0.228,-0.26,-1.309,-1.064,1.495,1.683,1.72,0.532,-1.494,-0.591,0.274,-1.143,1.271
24,9,9,1,-0.3,0.951,1.116,0.043,-1.705,-0.526,-0.617,1.449,-2.689,-0.383,-0.752,1.741,-2.255,2.421,1.112,1.224,0.454,-0.68,-1.662,-0.126,1.086,-1.871,1.03,1.667,0.212,-1.132,0.566,-0.358,0.491,-1.332,1.593,2.295,-1.649,-0.939,-0.317,0.755,0.418,0.61,-1.25,0.311,-0.65,-0.472,0.737,0.658,1.535,0.447
1,11,8,1,-0.46,0.121,1.684,-0.698,-2.219,0.111,0.614,0.553,-1.606,-1.591,-0.293,2.15,-0.848,0.258,-0.666,0.812,-0.728,2.081,-0.905,0.414,1.178,-0.765,0.301,2.036,0.351,-1.23,0.02,1.826,1.221,-0.453,0.677,0.113,0.48,0.072,-1.06,0.942,0.14,0.781,1.746,0.787,-0.032,0.311,0.407,0.319,-2.609,-0.316
2,2,3,1,-0.686,0.295,1.484,-0.29,-1.745,0.57,-0.572,1.125,-0.364,0.542,-0.893,-0.569,-0.666,0.288,0.958,0.252,-0.393,1.721,0.899,0.762,0.315,-1.924,1.654,-0.796,0.629,-2.539,0.594,1.739,0.111,-2.65,0.158,1.135,-0.081,-0.786,0.167,-0.112,-1.21,0.104,0.262,-1.597,0.459,-1.21,0.112,0.307,-0.957,0.354
3,22,2,1,1.673,0.535,0.815,-1.312,0.117,-0.183,-1.916,1.362,-1.124,0.312,-1.191,1.348,-1.296,1.225,0.332,-0.117,-0.47,2.488,-1.174,0.04,0.749,-0.161,1.042,-0.726,1.602,-0.87,0.36,-0.123,0.418,-1.009,0.312,1.611,0.14,1.314,0.371,-0.27,0.544,1.805,1.801,1.065,-0.444,-0.835,-0.266,0.713,0.692,1.174
4,9,10,1,0.999,0.167,1.592,-0.516,-0.784,-0.951,-0.075,1.04,0.359,-1.285,-0.492,0.516,0.052,1.729,0.869,-0.828,0.64,1.289,0.978,0.738,0.689,-0.754,1.671,-0.021,0.394,0.296,2.136,2.31,0.008,-0.686,0.387,1.864,0.59,0.993,-0.454,0.839,-0.292,1.432,-0.236,-0.383,0.232,-0.116,1.485,-0.478,-1.793,1.654
5,29,7,1,-1.848,0.957,0.272,-0.142,0.219,0.411,1.002,0.276,-0.529,-2.601,-1.421,-0.252,-0.229,1.414,0.05,0.828,0.601,-0.847,-0.419,1.062,-0.401,-1.148,0.024,-0.643,1.42,-0.715,-0.158,1.061,0.224,-0.444,0.64,1.091,-0.046,1.757,-0.326,-0.398,1.612,1.075,-1.519,0.178,0.326,-0.619,0.093,0.288,-1.209,0.115
6,4,4,1,-0.07,1.07,1.208,-2.034,-0.026,-0.052,-0.183,0.309,-0.672,-0.281,-1.402,-0.922,-0.22,-1.467,0.438,2.353,-0.589,0.04,0.378,0.176,0.538,-1.446,0.99,-0.334,1.357,-1.098,2.396,-0.813,0.042,-0.009,0.109,2.314,-1.136,-0.121,-0.259,-0.8,-1.391,0.912,-0.242,0.176,-0.453,-0.808,0.71,1.016,-1.845,1.222
7,13,9,1,-0.72,0.968,1.55,-1.293,0.472,-0.146,1.451,0.866,-1.155,-0.494,0.071,-0.453,0.852,1.417,0.524,0.218,0.141,0.578,0.142,-0.295,1.332,-1.391,0.327,0.277,0.563,-0.445,1.288,0.177,0.568,0.267,0.539,1.696,-0.809,-0.523,-0.382,2.182,-0.388,1.201,2.937,-0.641,0.175,1.252,0.143,0.959,-2.949,1.051
8,5,3,1,-1.274,0.158,-0.262,-0.187,-1.942,-0.889,-1.753,0.378,-0.022,-1.532,-0.222,-0.169,-1.401,0.144,1.461,1.632,-1.206,-1.11,0.44,0.268,0.574,-1.742,0.777,-1.042,0.967,-1.718,1.453,3.163,-0.294,-1.219,-0.464,1.363,0.569,0.156,-0.906,-0.181,-0.432,0.971,-0.115,0.312,0.309,-0.985,-0.207,0.157,-0.645,0.703
9,19,2,1,0.362,1.749,1.553,-2.541,0.343,-0.095,0.237,0.306,0.477,-2.073,-1.217,-0.943,-0.7,-0.739,1.628,1.795,0.572,-0.216,0.331,-0.421,1.001,-2.32,0.744,1.487,0.195,-0.662,0.963,0.329,-0.624,-0.47,1.353,0.889,-0.374,-1.89,-0.395,-1.479,-0.065,1.341,-0.004,1.628,0.591,-0.598,0.458,0.836,-0.583,-0.411
10,26,2,1,1.116,0.928,0.877,-1.826,-1.273,-1.228,-0.261,0.515,-0.15,-2.027,-0.982,1.784,-0.485,-0.305,1.298,0.782,1.145,0.492,1.231,1.373,-0.3,-1.737,-0.46,-0.49,1.057,-0.969,1.93,1.106,1.407,-2.181,-0.403,-0.236,0.86,0.524,-0.338,-0.433,-0.425,0.465,2.086,-0.412,-0.161,0.888,-2.137,-0.459,-3.473,0.816
11,3,5,1,0.305,0.412,-1.017,-0.716,-0.521,-0.214,0.318,1.543,-0.463,-2.189,-1.436,-0.116,-0.847,-1.12,1.18,0.277,1.2,0.022,-0.082,0.931,0.159,-1.597,1.17,0.585,0.527,-0.419,0.601,0.043,0.46,-0.126,1.277,0.299,-1.478,0.509,-1.643,-0.089,-0.117,0.46,0.682,-0.284,0.176,-0.54,-0.463,-0.668,-0.436,0.485
12,4,1,1,-0.294,0.999,0.527,-0.728,-0.108,-0.206,-0.906,-0.174,0.249,-0.73,-1.086,-0.453,0.384,-0.493,0.072,-0.215,0.267,1.317,0.139,0.786,1.69,-0.808,-0.282,0.261,0.15,0.561,1.276,0.885,-0.233,0.288,1.07,1.448,-0.289,-0.489,-0.171,-0.005,-0.948,0.25,0.373,0.225,-0.416,-1.214,0.246,-0.025,-0.177,1.314
13,29,8,1,-0.104,-0.154,0.83,-1.624,0.889,-0.097,-0.428,1.28,-1.856,-1.303,-0.697,-0.085,-0.435,1.753,0.501,0.504,1.022,-0.493,-0.33,0.335,2.93,-1.037,0.721,-1.056,0.116,-0.892,-0.209,-0.09,-0.024,-0.862,0.629,-0.273,0.713,0.423,-0.166,-0.183,-1.104,-0.63,1.041,-1.05,-0.32,0.94,0.518,0.35,0.351,0.91
14,19,1,1,-0.341,0.257,1.095,-1.281,-0.569,0.312,0.804,1.115,0.094,-0.77,-0.708,0.848,0.012,1.198,0.321,2.172,1.192,-0.03,-0.106,0.827,1.853,-0.514,1.023,0.129,0.69,-1.692,-0.45,-0.432,-0.448,-0.205,1.246,0.265,1.213,1.542,-0.647,1.174,-0.85,0.257,-0.311,0.111,-0.18,-0.023,-0.67,-0.028,-1.591,1.245
15,10,1,70,0.298,0.316,0.679,-1.275,-0.875,-0.139,-1.415,1.943,-0.206,-0.177,-1.399,0.373,0.038,0.488,-0.077,-0.078,-0.513,1.836,-1.249,0.673,0.031,-1.096,-0.1,0.934,0.967,-2.581,1.459,0.027,0.528,-0.497,0.767,-0.354,-0.132,-14,,,,,,,,,,,,
16,28,2,1,-1.058,0.826,0.295,-1.768,0.48,-0.3,-1.365,0.891,-2.074,-0.472,-1.061,0.805,0.039,-0.234,0.258,2.811,1.266,0.596,1.071,0.472,1.798,-0.535,0.922,-0.718,1.455,0.197,-0.736,-0.343,1.686,-0.735,0.672,-0.243,0.183,-0.751,0.226,-0.381,-0.467,0.396,-0.645,0.855,0.744,0.093,0.028,-0.436,-1.938,1.043
17,8,1,1,0.797,0.355,0.683,-0.04,1.705,-0.014,-0.289,2.376,-0.042,0.482,-1.327,1.111,0.156,1.944,1.048,1.054,-0.602,-1.227,-1.932,-0.121,1.731,-0.448,1.513,1.509,1.327,-0.199,0.033,1.023,-1.121,-1.156,0.677,0.754,0.214,0.727,-0.647,0.57,-0.548,0.725,-0.144,0.942,-0.345,-1.181,0.674,0.735,-0.673,1.458
18,14,6,1,-0.321,0.567,1.166,-1.27,0.273,-0.369,1.236,1.165,-0.156,-1.923,-1.215,0.1,-0.645,1.097,1.142,0.682,1.885,1.126,-1.181,0.299,-1.225,-1.953,-0.081,-0.661,0.745,-1.577,2.994,-0.093,-0.104,-0.111,0.793,0.216,0.384,-1.427,-0.125,-1.029,-0.18,0.856,2.662,-1.086,-1.381,1.215,1.495,0.552,-1.48,1.02
19,19,3,1,0.762,0.498,-0.495,-0.42,-0.74,-0.949,-0.44,0.602,-1.222,-2.366,-1.567,-0.561,0.272,1.174,0.883,0.911,2.906,-0.065,-0.837,0.86,0.648,-1.175,0.226,-0.666,0.442,-1.661,1.917,1.293,1.458,1.028,0.455,2.014,0.656,1.974,-0.197,0.521,0.848,0.981,-1.361,0.066,-0.108,0.815,-1.371,0.26,-0.919,1.018
20,25,10,1,1.395,1.853,0.169,-0.33,2.168,-0.455,-0.25,1.327,-0.282,-0.501,-1.045,1.092,-0.322,0.116,0.829,1,1.25,0.424,1.643,0.23,2.952,0.179,-0.503,-0.38,0.383,-0.484,2.305,0.648,1.278,-1.381,0.796,0.92,-0.341,-0.134,0.134,-1.586,-0.588,0.493,0.147,-0.052,0.401,-1.246,-0.178,0.837,0.298,0.486
21,24,1,1,0.349,1.007,-1.293,-0.726,-0.513,-0.397,-2.119,1.332,-2.209,-0.44,-0.994,1.583,0.228,1.071,-0.214,0.548,-0.137,1.715,-0.143,0.233,1.092,-0.794,0.716,-1.036,0.798,-1.388,0.939,0.22,-0.966,-0.558,0.495,1.205,-1.052,-1.369,0.657,-0.393,-0.367,0.588,-0.723,-0.322,-0.19,-0.235,0.235,-0.166,0.919,1.395
22,29,10,1,0.131,0.813,0.701,-1.195,-0.912,0.787,1.684,1.412,-2.12,-0.906,-1.137,1.794,-1.356,2.064,0.03,1.589,1.055,0.627,0.643,0.328,0.489,-1.466,1.195,-0.13,1.414,-1.372,0.201,-1.041,-0.055,-0.958,-0.012,0.409,-0.252,-0.577,-0.763,1.348,-0.565,0.53,0.089,1.132,0.133,-0.903,0.043,1.252,-1.112,0.182
23,4,3,1,0.036,0.746,0.781,0.113,-0.383,-0.245,-1.436,1.314,-0.086,-0.385,-1.274,-0.59,-0.372,-0.052,0.286,1.852,-0.637,0.001,-0.968,-0.454,1.194,-1.267,0.838,-1.018,1.588,0.072,-0.17,0.597,1.163,0.29,0.599,0.844,-0.363,2.048,-0.043,0.378,-0.638,-0.212,-0.032,0.581,0.858,0.511,-1.873,0.184,-1.712,-0.519
24,12,1,1,-0.967,1.769,-0.143,-0.392,-0.035,-0.608,-1.493,1.526,0.273,-1.898,-0.618,1.873,-2.041,-0.208,2.147,1.155,1.9,1.625,-1.204,1.092,0.954,-0.133,0.946,0.927,0.313,-0.507,2.122,0.077,0.743,-3.425,1.149,0.366,-0.394,1.505,-0.061,0.728,-0.377,0.529,1.337,-0.726,-0.617,1.39,0.021,-0.416,-1.382,-0.787
1,2,10,1,0.512,0.557,0.607,-0.833,-1.195,-0.748,-0.296,1.568,0.195,-1.42,-0.819,-0.655,0.105,0.571,0.29,1.226,0.753,-0.505,-0.283,-0.079,1.579,-1.678,1.345,0.405,0.446,-1.829,1.432,1.026,0.572,1.02,1.579,1.066,-0.359,-1.652,-0.376,-0.187,0.128,0.404,-0.007,-1.295,-0.487,0.718,0.079,0.721,-2.169,1.224
2,29,1,1,0.011,-0.37,-0.023,-0.717,-0.828,-0.322,-0.798,1.153,-0.658,-1.394,-1.513,0.082,1.605,0.543,0.732,-0.046,1.298,-0.613,-0.12,-0.297,0.244,-1.635,1.526,0.089,0.391,-0.861,1.564,1.345,0.036,-1.386,1.841,0.957,-0.951,0.364,-0.025,0.071,-0.413,-0.092,0.372,-0.641,0.313,-1.039,0.158,0.31,-1.967,1.267
3,10,4,1,-0.006,-0.111,1.335,-2.204,-0.209,0.287,0.934,1.422,0.318,-0.991,-0.997,0.266,-0.099,0.02,0.366,0.655,0.72,-0.598,0.377,0.62,1.576,-0.893,0.043,-0.409,0.82,-0.463,-0.204,1.141,0.148,-0.665,1.133,1.188,-1.05,1.017,0.548,0.777,-0.936,1.366,-1.12,-1.669,0.057,-0.209,1.46,-0.59,-1.299,0.276
4,16,1,1,0.552,1.161,1.886,-1.008,-1.444,0.152,0.22,1.481,0.235,1.117,-1.563,2.747,-0.32,-0.831,0.05,-0.217,2.076,1.313,-0.913,0.699,1.245,-0.054,0.351,0.932,0.774,-1.475,-0.892,1.528,1.691,1.453,1.073,0.984,-0.203,-1.167,0.536,-0.645,0.59,0.228,1.213,1.832,-0.471,1.182,0.357,0.636,-0.458,1.912
5,8,10,1,1.55,0.534,1.464,-0.276,-0.097,-0.488,-2.35,0.902,0.372,-1.076,-0.99,1.965,-0.038,1.94,1.318,1.189,0.091,0.778,0.731,0.463,1.606,-0.609,0.881,0.639,0.333,-0.82,0.78,1.762,1.364,-0.813,1.563,-0.018,-1.501,0.373,-0.825,-1.204,-0.913,0.495,2.629,0.373,-0.081,0.31,0.044,0.955,-0.24,-0.003
6,21,2,1,0.53,0.045,-1.063,-0.24,-2.013,-1.573,1.99,2.277,-2.01,0.088,-1.568,0.863,-0.671,1.665,-0.027,1.169,-2.719,-0.742,-2.799,0.333,1.245,-1.203,0.128,-0.919,1.422,0.206,0.561,-0.874,-0.518,-0.031,1.782,1.017,-0.763,0.395,0.204,-0.671,0.243,0.514,1.432,0.276,0.375,-1.002,-0.266,-0.257,-0.402,1.101
7,15,4,1,0.557,-0.892,0.142,-1.051,-1.426,0.167,1.851,0.368,0.864,0.211,-1.015,0.782,-0.285,0.847,0.285,-0.341,0.911,-0.125,-0.693,1.117,1.223,-0.785,0.287,0.522,0.695,-0.111,0.036,0.412,-0.175,0.409,0.83,-0.121,0.15,1.638,-0.715,-0.595,0.603,1.168,-0.12,0.418,0.314,1.288,-0.016,0.374,-0.858,0.494
8,30,3,1,0.828,0.874,0.672,-0.898,-1.012,-0.864,0.587,0.827,-1.135,0.423,0.013,0.29,-0.47,2.076,0.495,-0.39,1.199,0.425,-1.062,0.486,0.83,-0.284,0.327,0.021,0.45,-1.607,0.407,0.713,1.343,0.417,-0.132,0.66,-0.145,-1.45,0.791,-1.529,-0.806,0.606,0.757,-0.001,-0.113,-1.938,1.144,-0.192,-2.989,0.469
9,28,10,1,0.675,1.098,0.305,-0.402,-1.124,0.221,0.187,0.684,0.919,-0.59,-0.931,0.963,-0.085,0.891,0.009,-0.754,-0.575,0.125,-0.63,1.28,-0.047,0.429,0.906,-0.206,0.763,-2.074,0.762,0.295,-0.288,-0.904,0.833,0.09,-0.47,0.347,-0.611,-1.196,0.373,0.768,0.864,0.414,1.04,0.199,-0.298,0.359,-1.413,2.033
10,20,7,1,-0.551,0.718,1.585,-1.099,-1.77,0.081,-0.644,1.628,-0.495,-0.702,-0.443,0.471,-0.716,0.061,-0.398,0.017,-0.554,-0.589,1.138,1.657,1.058,-1.177,1.652,0.173,2.374,0.047,0.221,-0.763,0.53,-1.04,0.67,1.798,0.18,0.516,-0.059,-0.888,-0.04,0.066,0.04,1.105,0.806,-1.311,1.102,0.967,-2.622,1.176
11,1,3,1,0.316,1.219,-0.077,-2.016,0.113,-0.073,1.155,0.832,-1.185,-0.479,0.196,-0.288,-0.626,0.016,1.532,0.133,0.515,1.081,-1.39,0.037,1.668,0.369,0.907,0.689,0.918,0.094,1.308,0.394,0.384,1.013,0.174,0.439,0.135,-0.289,-0.755,0.007,-1.369,-0.378,1.231,0.269,0.452,-0.618,0.937,0.336,-0.385,1.19
12,25,8,50,-0.654,0.821,1.471,-1.842,-0.025,0.312,0.74,0.566,-1.408,0.147,-1.837,-0.927,-1.565,-0.054,0.977,0.775,0.903,0.673,-0.133,0.162,2.146,-0.32,-7.528,,,,,,,,,,,,,,,,,,,,,,,
13,24,7,1,0.4,1.038,1.042,-1.494,1.26,-0.359,0.808,0.645,-0.941,-0.844,-0.989,2.576,-0.581,1.156,0.287,1.035,2.173,-0.201,-0.232,-0.612,0.042,-1.185,0.85,0.873,0.361,-2.27,0.066,0.416,0.991,-0.746,1.909,0.442,0.174,-1.46,-0.286,-0.567,0.366,1.309,0.646,0.523,0.343,-0.17,0.924,0.348,-2.502,1.157
14,24,9,1,0.036,0.821,0.922,-0.112,0.545,-0.274,-0.375,0.541,-1.674,-0.9,-1.726,0.213,-0.55,0.415,0.699,0.18,-1.064,1.45,-0.411,-0.135,1.099,-0.11,1.58,0.666,0.364,0.615,1.454,0.806,-0.45,0.134,-1.179,0.869,-0.456,0.374,-1.297,1.724,-0.235,1.509,0.563,0.653,-0.161,0.384,0.17,0.107,-0.435,0.685
15,8,2,1,1.271,0.944,0.498,-1.15,-0.512,-0.964,-0.766,0.862,-0.799,-2.794,-1.284,0.321,-0.235,1,0.724,2.417,0.814,1.954,0.203,0.116,1.387,-0.809,1.41,0.174,0.926,-0.548,1.688,1.377,-0.198,-1.476,0.746,0.621,-0.317,-0.466,0.362,0.033,-0.854,0.749,1.703,-0.238,0.604,-0.931,0.609,0.818,-0.549,0.202
16,29,3,1,-1.596,1.682,-0.485,-1.18,-1.002,0.184,0.17,1.689,-0.433,-2.412,0.003,-0.31,-0.572,0.989,0.555,0.244,0.278,-0.572,0.579,-0.117,1.569,-0.813,0.172,-0.882,0.512,-1.806,0.446,0.416,1.748,-0.076,0.039,1.007,-0.323,1.814,-0.268,-0.657,-0.026,0.44,-0.125,-0.246,0.386,-2.049,-0.709,-0.534,0.889,1.099
17,23,5,1,0.514,-0.301,0.491,-1.261,0.686,-0.487,-0.757,0.375,-0.984,0.263,-1.314,0.528,-0.813,0.357,0.97,1.544,-0.254,0.408,-0.425,-0.726,3.1,-0.485,1.001,0.678,-0.389,-1.987,-0.559,1.65,1.537,-0.052,0.019,1.815,0.054,0.028,0.207,-0.56,-0.217,0.679,0.063,-0.214,0.223,1.194,0.574,0.055,0.97,0.178
18,21,4,1,-0.798,0.741,0.565,-1.474,1.612,0.62,-0.66,0.848,-0.752,0.37,-0.684,0.569,0.663,1.731,0.948,0.234,-0.998,0.563,0.49,0.213,0.651,-1.335,1.128,-1.027,1.037,-0.239,2.149,-0.668,0.364,-0.471,-0.217,1.82,0.635,1.017,-0.187,-0.578,-0.555,0.031,0.376,0.414,0.293,0.019,0.236,-0.01,-1.089,1.179
19,27,2,1,0.19,0.357,1.496,-0.067,-0.118,1.137,-1.826,0.697,-0.917,-2.027,-0.593,0.633,0.158,1.386,1.231,2.371,-0.743,0.193,-0.295,0.16,0.406,-0.522,0.514,0.609,1.509,-2.452,2.307,1.184,0.585,-0.499,0.209,0.434,-0.587,-1.136,-0.283,-0.082,0.027,-0.089,-0.313,-0.086,0.117,-0.267,-0.031,-0.054,0.425,1.907
20,5,8,1,1.277,0.195,1.927,-1.015,-1.441,-1.296,-0.131,0.693,-0.978,-0.375,-0.646,0.369,-0.299,0.168,1.713,1.258,-1.515,0.789,-0.022,0.063,0.625,-1.525,2.124,-0.193,0.456,-0.031,1.737,1.01,0.173,-0.064,0.71,0.758,0.005,-0.629,0.112,-0.288,-0.89,0.708,0.448,-0.103,-0.177,0.129,1.007,0.776,-0.338,1.387
21,22,1,1,0.257,0.475,-0.159,-1.641,-0.308,-0.132,-2.125,1.756,-1.144,-1.464,-1.105,1.45,0.516,0.022,1.47,0.282,-0.804,0.432,0.717,1.153,-0.444,-0.595,1.93,0.375,1.485,-2.306,3.088,0.289,2.502,-1.054,1.444,-0.266,0.002,0.862,-0.335,-0.233,0.284,0.77,-0.535,-1.817,-0.512,1.712,-1.241,0.211,-0.828,1.351
22,27,6,1,0.525,-1.038,0.738,-0.694,-1.644,-0.079,0.101,0.132,-0.242,-0.313,-0.475,-0.451,-0.764,-0.488,1.432,1.455,-0.211,0.188,-1.378,0.418,0.313,0.253,1.815,2.274,0.831,-2.085,0.87,1.076,-0.066,0.018,1.79,0.398,0.08,-0.94,-1.038,0.455,0.372,0.742,-0.432,-0.831,-0.423,0.495,1.097,0.389,-0.658,-0.656
23,22,3,1,-0.789,0.967,2.604,-1.962,-0.002,0.201,-1.563,0.09,-1.842,-0.587,-1.485,1.369,-0.197,0.098,1.91,-0.222,1.213,-0.275,0.399,0.044,1.708,-0.405,2.282,-0.72,0.855,-1.522,1.757,-0.282,0.587,1.31,0.48,0.606,-0.554,1.656,1.053,0.868,-0.259,0.569,-0.508,1.097,-0.515,-1.748,-0.116,-0.498,-1.516,0.85
24,19,4,1,-0.309,1.483,-0.879,-0.089,0.422,0.02,-1.199,1.358,0.148,0.421,-0.42,1.167,-0.959,1.253,0.259,0.877,1.477,0.943,-1.224,0.37,0.764,-0.951,1.113,-0.519,0.772,0.134,-0.483,0.411,1.016,-1.238,0.234,1.886,-0.674,-1.586,0.899,-0.218,0.748,-0.06,-0.002,0.378,-1.125,-0.333,0.653,-0.101,-0.793,0.81
1,16,6,1,0.461,0.441,1.527,-0.24,-0.535,-0.257,-1.937,0.199,-0.516,0.194,-1.196,2.396,-1.109,0.52,1.149,0.308,-0.256,-0.604,0.288,0.485,-1.139,-1.346,0.684,0.557,1.488,-1.118,-0.001,0.823,-0.375,-0.66,1.05,-0.117,-0.923,0.087,0.183,0.554,-0.061,0.223,1.11,-0.715,-0.045,0.61,-0.906,0.738,-2.329,0.76
2,18,4,1,0.099,0.855,0.528,-0.839,-1.843,-0.187,1.806,1.881,-1.094,0.559,-0.259,2.242,-1.154,0.532,0.044,1.181,1.666,1.737,-0.085,0.05,2.09,-1.594,-0.575,-0.829,-0.15,-0.27,1.475,-1.306,1.688,-0.962,0.611,0.591,-0.067,-1.678,-0.372,0.025,-1.143,0.074,-0.433,-0.545,-0.263,-0.83,-1.072,-0.02,-2.358,0.886
3,5,10,1,-1.518,1.625,-0.369,-0.578,1.376,-0.418,1.12,0.003,-1.068,-0.244,-1.354,-0.667,-0.494,0.368,0.194,1.152,2.198,-0.82,0.096,-0.466,2.021,-1.66,1.162,-0.254,1.051,-1.577,1.177,0.765,-0.242,-1.25,1.096,0.031,-0.553,-0.443,-0.859,-0.246,-0.451,-0.198,0.81,-0.687,-0.237,-1.242,-0.036,1.042,-0.358,0.65
4,13,2,1,1.31,1.764,0.264,-1.048,0.024,0.099,-0.13,0.251,0.917,0.211,-0.377,0.723,-0.202,0.672,0.475,1.332,-0.8,0.345,-0.203,0.7,-0.967,-0.285,1.252,-0.852,0.486,-2.159,1.955,1.718,2.007,-0.97,0.434,0.965,0.772,-0.453,0.031,-0.158,-1.164,0.816,-0.224,-0.099,-0.423,-0.804,0.266,-0.096,0.768,1.044
5,7,7,1,0.157,0.343,0.227,-0.565,-0.103,-0.611,-0.529,0.479,-1.766,-1.25,-0.746,0.576,-0.215,2.374,0.836,0.729,1.733,0.005,-0.924,0.523,1.183,-1.117,0.784,0.191,-0.083,-0.074,2.111,0.928,1.075,-1.548,0.855,0.991,0.143,-0.341,-0.372,1.271,-0.78,1.032,-0.487,-1.079,0.724,0.58,0.535,0.211,-0.671,0.153
6,22,7,1,-0.644,1.008,1.678,-1.051,-0.905,-0.795,-0.469,0.952,-0.162,-0.551,-1.307,1.638,-0.251,0.186,1.106,1.301,1.51,1.154,0.361,0.397,1.011,-0.215,0.859,-0.127,-0.405,-1.664,0.415,-0.09,0.723,-0.21,0.959,1.386,-0.254,1.132,-0.345,-0.007,-0.829,0.138,-0.136,1.371,0.12,-0.135,0.322,-0.665,-1.875,-0.106
7,25,7,1,-0.661,1.056,-0.126,0.921,0.174,-0.464,1.459,1.085,-0.808,-1.851,-0.873,0.368,-1.612,0.566,1.896,-0.33,1.113,-1.701,-0.341,1.014,0.068,-0.287,0.395,0.719,0.098,-2.125,1.734,-0.571,0.714,-0.831,-1.545,-0.772,-0.273,-0.908,-0.856,0.141,-0.445,0.61,0.371,-1.159,-0.098,-1.323,-0.424,0.596,-0.939,-0.26
8,11,9,1,0.25,0.798,0.497,-2.656,-0.874,-0.499,-0.144,2.606,-0.314,-1.422,-0.595,1.51,-1.642,0.46,0.633,1.113,-1.807,0.311,0.582,0.834,0.6,-0.574,1.781,-0.809,0.66,-0.224,-0.04,2.136,1.198,-0.158,-0.127,-0.034,-1.026,0.039,-0.55,0.496,-0.738,0.487,-0.445,1.006,0.496,-0.092,-0.027,0.238,-1.921,0.165
9,9,7,1,0.279,0.404,0.437,-1.533,-0.569,-0.128,0.066,-0.023,-2.23,-1.325,0.007,2.814,-0.536,2.256,-0.01,-0.126,1.083,-0.443,-1.645,0.162,1.487,-1.316,1.13,-0.404,0.01,2.093,-0.057,0.167,-0.368,0.911,0.16,0.676,-0.735,-1.143,0.642,0.022,-0.32,0.248,1.15,2.058,0.161,0.731,0.713,0.651,-1.86,0.803
10,16,2,1,-0.528,0.535,1.511,-1.523,0.497,-0.232,-1.274,1.362,-0.059,-1.03,-0.477,-0.583,-0.294,1.217,0.576,0.406,0.737,0.259,-2.089,0.778,-0.002,-0.697,-0.241,0.536,0.652,-2.091,-1.588,-1.313,0.32,-1.329,1.239,2.206,-1.222,-1.165,0.237,-1.421,-1.565,0.678,0.698,-0.79,0.078,-0.548,-0.062,0.505,-2.462,0.512
11,14,10,1,0.51,-0.684,-0.214,-2.683,-0.114,-0.128,-0.067,0.479,-1.024,1.316,-1.152,0.267,-0.409,0.457,0.669,0.575,-0.372,0.568,0.079,0.815,0.042,0.084,0.675,0.649,1.048,-2.318,1.745,1.508,-0.226,0.807,2.067,1.547,-0.708,1.016,0.047,0.797,-0.3,1.144,-0.085,-0.797,-0.264,0.859,1.081,-0.075,-1.329,1.227
12,15,1,1,-1.683,1.085,0.307,-1.703,0.728,-0.344,-2.192,1.783,-1.146,-0.018,-1.306,-0.054,-0.46,0.271,1.332,0.069,1.62,-0.526,0.075,0.204,-0.222,-1.062,-0.329,0.604,1.252,-0.296,2.113,0.129,0.301,-1.859,0.259,0.695,-0.83,-1.534,-1.077,-0.645,-1.406,0.631,-0.247,1.279,0.074,0.828,-0.804,0.651,-2.04,1.68
13,25,9,1,0.884,-0.015,0.634,-0.531,-0.088,-0.327,1.028,2.353,-0.783,-0.042,-1.191,2.402,-1.222,1.121,0.776,-0.881,-0.207,0.79,-1.718,0.774,-0.068,-0.386,1.384,-1.203,0.89,-1.125,2.015,0.895,0.986,-1.883,-0.033,1.038,-0.992,0.104,-0.303,-0.989,-0.013,0.556,0.342,2.302,-0.724,0.747,0.439,0.512,0.284,2.148
14,7,2,20,0.091,1.064,1.645,-0.241,-0.063,-0.34,-1.372,0.457,-9.884,,,,,,,,,,,,,,,,,,,,,,,,,,,,,,,,,,,,,
15,7,8,1,0.182,1.391,1.332,-1.84,0.357,-0.329,-0.632,1.342,-2.259,-1.693,-0.991,-1.801,-1.177,1.697,0.726,0.403,1.959,1.13,-1.044,0.54,-0.519,-1.164,1.581,-0.499,-0.021,-1.233,2.738,0.709,-0.335,-0.857,-0.901,1.348,0.237,-1.036,0.53,0.291,-2.304,0.837,0.501,2.413,1.405,1.183,-0.079,-0.212,-2.281,1.263
16,24,4,1,0.442,1.409,1.327,0.001,0.601,-0.343,0.291,1.278,-2.161,-0.073,-1.013,2.087,-0.964,0.149,0.788,3.004,-0.073,-0.798,-0.38,1.319,3.112,-1.122,-0.044,0.282,0.857,-1.211,0.323,-0.812,0.691,-0.151,1.534,0.722,-0.134,0.552,0.278,-1.03,-1.178,-0.547,1.336,1.666,0.132,0.425,0.354,0.459,-0.597,0.774
17,15,8,1,-0.496,1.318,1.504,-1.602,-1.007,-0.505,0.122,1.153,0.919,-0.179,-0.774,1.121,-1.371,0.702,0.592,0.393,-0.917,0.658,0.997,0.427,0.939,-1.308,1.016,2.11,0.135,-0.428,1.095,1.005,1.328,0.357,1.053,0.572,0.51,1.989,-0.909,-0.126,-0.867,1.183,0.66,0.476,0.31,-0.528,0.402,0.419,-1.192,0.753
18,26,4,1,0.077,-0.868,0.266,-2.172,2.271,-0.461,-0.173,0.306,0.004,0.102,-0.452,1.214,0.093,0.252,-0.411,0.601,0.693,-0.967,0.46,0.568,-0.911,-0.635,0.578,-0.704,0.857,-1.177,-0.481,1.025,1.05,-1.388,-0.499,1.895,0.21,-1.082,-0.565,-0.621,-0.132,0.199,1.359,-0.395,-0.168,-2.352,0.129,0.405,1.134,1.84
19,17,7,1,-0.83,0.908,-0.155,0.83,-0.509,0.049,-0.599,1.462,-1.295,0.862,-0.36,1.71,-0.088,2.749,-0.502,0.33,1.509,0.825,0.787,0.249,0.272,-0.169,1.762,-0.521,0.802,-1.463,-0.148,1.09,1.579,-0.044,-0.171,0.093,0.057,0.974,0.126,-0.097,-0.644,0.216,1.61,0.607,0.815,-1.529,0.177,0.351,0.288,0.928
20,23,4,1,-0.157,1.151,0.455,-1.009,-0.277,-0.245,-1.385,0.268,0.484,-0.181,-1.038,0.014,-1.66,1.378,0.265,0.174,0.47,0.162,-1.091,0.646,-1.086,-0.524,-0.14,-1.545,0.719,0.249,1.397,-0.946,0.074,-0.252,1.253,0.686,0.376,-1.279,-0.007,-0.736,0.549,0.544,-0.991,0.972,-0.867,-1.401,1.018,0.153,-1.327,1.077
21,1,1,50,0.43,2.617,0.516,-1.636,-0.407,-0.869,2.478,-0.092,-0.004,-0.646,-1.164,1.953,-0.527,0.056,0.511,-0.056,1.004,-0.156,-1.221,-0.833,1.026,-0.286,-6.416,,,,,,,,,,,,,,,,,,,,,,,
22,30,5,1,0.707,0.261,0.197,-1.923,0.069,-0.424,-0.891,1.739,-1.154,-1.429,-0.847,0.579,0.789,0.309,1.562,0.42,0.756,1.812,-0.308,0.363,0.603,-1.352,0.336,0.022,-0.193,-0.237,-0.449,0.903,1.704,-0.776,1.755,1.692,-0.953,0.934,0.547,0.571,-0.05,1.38,-0.063,0.105,0.361,-2.005,0.521,0.47,-0.524,1.353
23,16,5,60,0.496,0.418,0.252,-0.997,-0.122,0.388,-0.868,2.235,-0.105,-1.432,-1.149,0.238,-0.316,0.511,0.758,-0.376,1.58,0.439,0.26,1.945,-0.474,-1.314,1.453,0.949,2.08,-0.031,2.053,-10.347,,,,,,,,,,,,,,,,,,
24,27,8,1,0.009,-0.061,0.299,-1.117,-0.312,0.286,-1.254,1.295,0.679,-1.3,-1.348,0.25,0.158,-1.045,-0.519,1.176,1.23,0.282,0.382,0.471,2.203,-1.354,0.157,-0.848,0.764,-2.227,2.632,1.467,1.224,-0.932,1.173,0.243,-0.82,-0.45,-0.395,-0.517,-0.663,1.168,1.632,-1.339,-0.036,-0.138,0.921,0.17,-0.165,0.733
1,21,3,1,-0.588,1.366,2.448,-0.656,-0.456,-0.846,3.011,0.615,-1.118,-0.036,-1.075,0.222,-0.843,-0.978,-0.018,-0.695,-1.033,-0.406,-0.581,0.381,0.465,-1.157,-0.373,-0.266,0.992,-0.646,-0.448,-0.018,-0.751,-1.368,1.165,1.404,-1.369,-0.15,0.927,-0.214,-1.02,0.108,-0.872,0.221,0.639,0.239,-0.092,0.954,-0.18,0.865
2,12,8,1,0.529,0.701,1.352,-2.167,0.166,-0.273,0.686,0.811,-0.847,-0.881,-1.036,0.654,-0.569,1.099,1.092,2.14,1.289,0.404,0.057,-0.104,0.238,-1.15,1.007,0.624,1.891,0.17,0.366,-0.431,-0.486,-1.196,1.069,1.394,-0.581,0.718,-0.554,1.084,-0.41,-0.013,1.879,0.2,0.061,-1.587,-0.117,0.225,-1.148,0.914
3,22,4,1,-0.834,0.619,0.458,-2.341,-2.111,0.233,0.369,0.578,-0.965,-0.494,-0.373,1.495,-1.267,2.57,0.673,0.074,0.541,-0.267,-1.152,-0.027,1.592,-0.24,1.177,1.383,0.62,-0.317,1.279,0.933,0.881,0.57,-0.221,-0.061,-0.593,-0.066,0.872,0.452,-1,0.378,1.213,-0.221,-0.615,-0.438,0.837,0.209,-0.773,1.455
4,13,4,1,-0.325,1.093,-0.663,-0.2,-0.255,-0.422,-0.961,-0.061,0.108,0.324,-1.164,2.193,-0.137,-0.186,1.605,1.323,0.652,0.971,0.136,-0.538,2.537,-0.995,0.521,0.485,0.944,-0.064,-0.21,1.041,0.891,0.057,0.788,2.39,-0.876,-0.951,-0.383,-1.081,-0.274,0.138,2.665,-0.168,0.804,0.994,0.995,0.429,0.47,0.455
5,16,7,20,-0.42,0.763,-0.318,-0.035,-1.317,0.198,-12.432,,,,,,,,,,,,,,,,,,,,,,,,,,,,,,,,,,,,,,,
6,6,7,1,-0.354,0.695,1.391,-1.772,-1.45,0.57,-1.827,1.154,-1.51,-0.226,-2.034,2.013,-0.225,0.974,0.131,-0.104,1.315,-1.433,-0.19,0.696,0.224,-0.832,-0.593,0.192,0.2,-1.302,0.26,0.457,1.225,-1.051,0.455,0.579,0.424,0.058,-0.17,1.136,-0.367,0.587,0.359,0.778,0.732,0.144,-0.507,0.77,-1.149,0.747
7,20,8,1,0.72,0.87,-0.366,-2.207,0.84,-0.351,-0.956,0.153,-0.458,-1.027,-1.19,0.601,-0.395,0.386,1.223,0.396,0.32,-0.596,-0.992,0.493,0.959,-0.544,0.569,-0.745,1.306,-0.097,1.282,2.042,-0.504,-0.628,1.819,0.796,-0.354,0.718,1.674,0.187,-0.57,0.339,0.402,-0.559,0.147,0.728,0.217,-0.403,0.51,1.569
8,6,8,1,1.555,0.433,0.554,-1.112,-0.33,-0.375,-0.11,0.626,-1.249,-0.902,-0.837,0.404,-1.19,1.433,0.216,0.799,0.716,3.536,-0.429,0.78,1.996,-0.45,1.353,0.806,1.16,-0.63,-0.19,0.473,0.522,-0.038,2.271,-0.7,0.934,0.387,0.38,-0.192,-0.748,-0.156,-0.108,0.943,-1.425,-1.458,-0.212,0.214,-0.337,1.438
9,17,9,1,-0.696,0.827,-0.166,-1.083,1.121,0.484,0.191,0.45,0.055,0.323,-1.133,-1.081,-0.388,1.271,0.891,0.332,1.276,-2.123,1.381,0.57,1.994,-1.933,1.512,0.012,0.25,-0.044,0.162,0.301,0.107,-2.442,1.273,0.658,-1.118,0.137,-0.868,-0.166,-0.341,0.601,2.276,1.567,-0.014,-0.343,-0.292,0.422,-0.252,1.287
10,30,1,60,0.691,1.096,1.76,-0.63,-0.751,0.221,-1.436,0.206,-0.5,-0.901,-0.918,1.548,-1.06,-0.983,1.355,-0.064,-0.181,-0.631,0.237,0.212,1.635,-1.587,1.581,0.638,-0.497,-0.177,0.347,1.929,1.701,-2.002,-9.39,,,,,,,,,,,,,,,
11,19,9,1,0.769,1.562,0.92,0.036,0.108,-0.373,-1.196,1.381,0.015,-1.172,-1.623,0.487,-0.079,0.202,0.172,0.559,1.374,1.273,-0.694,0.351,1.491,-1.12,0.864,2.114,0.585,-0.98,3.014,-0.163,0.714,-0.271,0.249,1.39,0.549,-0.613,0.966,-0.274,0.857,1.562,1.427,-0.03,0.527,-0.102,-0.432,-0.418,-0.372,0.039
12,10,7,1,-0.241,1.129,-1.111,-1.187,-0.467,-0.089,1.127,1.613,-0.786,-0.597,-1.527,1.448,0.054,0.494,0.438,0.85,-1.55,-1.239,-0.496,0.442,0.481,-0.223,1.114,0.19,1.522,-2.991,1.475,0.493,0.221,-1.069,1.752,0.107,-0.565,0.498,-0.381,-0.632,-0.139,-0.181,0.819,0.255,-0.244,-0.448,1.357,0.371,-0.278,0.768
13,1,10,1,-0.205,1.158,0.194,-1.347,-2.134,-0.069,0.275,-0.436,-1.123,-1.349,-0.579,1.793,0.482,1.374,0.889,0.65,1.195,-0.001,0.329,0.647,-0.195,-0.249,1.179,-0.701,1.754,-1.087,-0.323,0.056,1.159,-1.634,0.609,0.117,0.827,0.543,-0.328,-1.332,-0.988,0.525,0.104,1.037,0.414,-0.88,0.544,0.429,-1.742,0.97
14,4,6,1,-0.676,0.953,0.195,1.037,-1.47,-0.009,-1.137,1.256,0.219,-1.166,0.153,0.999,0.316,-0.365,0.579,0.764,0.349,0.068,-0.576,0.598,1.424,0.079,0.762,-0.704,0.163,-0.117,0.401,1.788,1.335,-0.899,1.244,-0.444,-0.946,-1.327,0.058,-0.289,-0.944,-0.184,-0.464,1.694,-0.621,-2.539,1.473,0.094,-0.412,0.594
15,10,8,1,0.063,-0.019,-1.259,-2.465,-0.515,-0.434,0.424,0.271,-1.063,0.362,-1.351,0.554,-0.637,0.995,-0.566,0.691,1.631,-0.761,-0.95,0.856,0.328,-0.7,1.833,0.032,0.221,-0.821,-0.039,-0.456,0.179,-1.558,0.022,-1.113,-0.497,-1.103,0.543,-0.466,-0.242,0.438,0.168,0.145,0.03,-0.029,0.809,-0.058,-1.633,2.136
16,16,8,1,-0.93,0.377,2.034,-1.09,-0.546,-0.671,1.429,1.996,-0.691,0.441,-0.968,0.998,0.192,1.912,0.756,0.457,-0.17,0.952,0.454,0.495,-0.151,-0.441,1.344,0.656,0.591,-0.163,-0.543,-0.091,1.135,-0.034,-0.281,0.761,-1.734,0.245,-0.317,-0.317,0.632,0.597,-0.529,0.648,-1.062,0.548,-0.684,1.068,-0.664,1.222
17,2,7,1,-0.058,0.657,0.964,-0.212,-1.742,0.454,-0.369,0.516,-0.456,0.55,-0.874,0.995,0.213,1.943,-0.148,0.096,-2.369,1.014,0.863,0.242,0.368,-0.6,0.852,0.857,-0.513,-0.758,1.892,1.334,2.179,-1.094,1.239,0.134,-0.36,-0.804,0.007,-0.521,-0.822,0.037,-0.785,0.805,-0.008,-0.033,1,0.327,-1.226,1.314
18,19,10,1,0.082,1.347,1.349,-0.258,-1.726,0.512,-1.514,0.963,-0.351,-1.787,-1.171,0.56,-1.692,2.027,0.577,1.549,-0.414,0.915,0.234,0.194,2.401,-1.197,1.258,-1.251,1.397,-2.015,2.19,1.03,0.946,-0.961,0.729,-0.094,0.939,0.591,0.233,0.139,-0.44,0.532,0.958,0.591,0.542,-1.205,-1.597,-0.301,-0.006,1.464
19,1,5,1,0.176,0.229,1.043,-1.782,0.028,-0.457,-0.989,1.077,-0.693,-0.452,-0.989,0.91,-0.152,1.015,1.166,-0.421,-1.214,-2.25,-0.229,-0.181,0.951,-1.379,-0.228,0.721,1.676,-1.059,1.4,0.447,1.432,-0.362,0.198,0.789,0.078,-0.726,0.592,-0.738,-0.165,0.116,1.2,0.628,-0.2,-1.033,-0.891,0.424,-0.485,1.533
20,24,6,1,-0.247,0.923,1.14,-0.755,0.533,0.133,0.707,1.685,1.17,-0.945,-0.426,2.214,-0.271,0.23,1.451,1.473,0.719,-0.366,0.105,-0.424,1.406,-0.201,1.222,0.364,0.611,-1.637,0.654,0.111,1.968,-1.125,0.558,-0.277,-0.297,-2.597,0.092,0.136,0.282,-0.488,0.268,1.025,0.711,0.655,0.919,0.119,-0.657,1.712
21,9,8,1,0.912,1.586,-0.178,-0.986,0.738,-0.186,0.983,1.76,-1.191,0.196,-1.073,0.655,-0.858,1.846,0.715,1.834,0.147,-0.409,0.063,0.368,-1.125,-1.32,1.749,0.595,1.038,0.498,1.454,-1.784,0.34,-0.732,1.54,0.896,-0.413,-2.411,0.193,0.463,-0.099,0.931,-1.088,0.204,-1.008,0.718,-0.536,0.015,0.114,1.297
22,1,8,1,-0.981,1.281,1.117,-0.99,0.415,-0.039,-0.16,0.952,-0.699,-1.059,-1.303,0.569,-1.073,2.758,0.57,0.589,-0.632,0.659,-0.314,0.974,0.174,-1.817,1.214,0.017,0.479,-1.19,-1.057,1.56,-0.308,-1.411,-0.106,1.456,-1.583,0.414,-0.22,1.056,-0.318,0.933,-1.859,0.566,0.094,-1.663,0.148,0.63,-0.567,0.503
23,17,3,1,-0.017,0.673,0.936,-1.825,-1.508,-0.415,0.212,1.791,-0.832,-1.749,-0.467,0.441,-1.608,1.031,1.262,0.635,2.422,1.428,-0.228,1.318,0.334,-0.165,1.63,0.493,-0.275,0.116,-0.351,0.41,0.891,1.467,1.58,1.181,-0.876,0.854,1.051,0.054,-1.365,1.117,0.508,0.128,-0.108,0.647,1.121,0.257,-1.217,0.333
24,23,8,1,-0.344,0.979,1.114,-2.428,0.356,0.165,-0.777,0.952,-0.979,-1.004,-0.46,-0.554,-0.282,0.207,0.489,-0.07,0.629,0.428,0.842,0.981,-0.836,0.139,-0.074,0.158,1.531,-1.077,0.71,0.804,-0.174,0.095,-0.603,0.639,1.126,-0.632,0.05,1.303,-1.257,-0.557,0.12,-1.174,-0.729,-0.019,0.288,-0.109,-1.665,0.639
1,18,7,1,1.151,0.328,2.664,0.374,-1.07,-0.488,-0.245,1.357,-0.728,-1.091,-0.836,0.665,0.312,0.733,0.037,1.5,-2.363,-1.54,-0.124,0.965,-0.464,-0.346,0.934,-1.635,0.172,-1.048,1.791,0.32,-0.131,-0.204,1.815,-0.009,0.553,-0.746,0.119,0.443,-1.547,0.814,-0.471,-0.121,-0.411,-0.575,0.677,0.33,-0.259,-0.235
2,16,4,1,0.009,0.407,-0.306,-0.265,-0.899,0.279,-1.041,0.155,-0.599,-0.958,-0.777,1.328,-0.906,0.308,0.752,1.075,0.627,1.33,0.325,1.365,2.536,-1.411,0.455,-1.184,1.159,-1.171,1.712,-0.46,-0.276,-2.043,0.624,1.249,-0.352,-1.011,-0.831,-0.673,0.616,0.627,2.301,0.526,-0.779,0.281,-0.446,-1.052,-0.532,0.973
3,6,9,1,-0.235,1.516,0.676,1.118,-0.677,0.62,-1.224,1.553,-1.302,0.049,-1.078,0.46,-0.238,2.191,1.355,1.149,-0.161,0.095,-0.311,0.575,3.728,-1.684,0.087,-0.484,1.825,-0.73,1.195,0.035,0.453,0.329,-0.126,1.261,-0.488,-2.204,0.457,0.565,-0.133,0.885,0.274,0.454,0.282,1.606,0.023,0.003,-1.058,0.704
4,20,1,1,-0.452,1.408,0.406,-2.762,0.134,0.177,0.181,1.523,-0.934,-0.767,-1.618,0.633,-1.962,0.932,0.347,1.812,1.332,0.685,0.346,-0.052,2.332,0.05,0.886,-0.371,0.015,0.121,2.855,-0.192,1.815,-0.333,-0.461,2.24,-0.507,0.374,-0.187,0.512,-0.996,0.555,-1.642,-0.19,-0.224,0.367,1.319,0.255,-0.271,0.716
5,13,6,1,-0.422,-0.427,2.347,-1.534,-0.1,0.184,-0.578,2.889,-1.551,0.373,-0.917,-0.584,0.258,0.99,1.015,2.309,0.364,0.296,-0.256,0.466,1.79,-0.594,1.229,-0.927,1.042,-2.177,-0.353,-1.188,1.417,-1.854,0.037,-0.561,0.615,0.066,0.612,-0.119,0.284,0.719,-0.282,0.608,0.112,1.286,-0.663,-0.555,0.3,0.71
6,30,6,1,-1.936,1.71,1.891,-0.453,-0.335,0.144,0.079,1.072,0.303,-1.169,-0.547,-0.187,-1.169,0.941,0.843,0.245,1.005,1.178,-1.179,0.591,2.12,-0.492,0.001,0.581,0.773,0.092,-0.23,-1.076,0.878,0.343,0.465,-1.548,0.379,-1.641,0.208,-0.214,-3.418,0.977,0.297,2.264,0.332,0.586,0.601,0.854,-1.72,2.168
7,3,7,1,-0.265,2.031,-0.178,-2.257,0.915,-0.573,0.173,1.883,-0.847,0.032,-0.494,1.593,0.462,0.374,-0.13,0.903,0.076,1.187,-0.183,1.035,2.495,-0.264,1.827,-0.114,0.692,-2.323,-0.516,0.168,0.363,-0.441,1.087,0.867,-0.243,-0.618,-1.021,0.987,-0.033,0.426,2.415,0.319,-0.595,0.185,0.352,0.629,-0.846,0.265
8,4,8,1,0.626,1.611,-0.507,-0.11,-0.581,-0.589,-0.998,0.905,-1.731,-1.428,-0.325,0.864,-0.006,0.543,0.807,1.247,-0.971,-0.258,-0.581,-0.09,0.745,-1.028,0.177,-0.004,-0.002,-1.078,1.884,0.014,0.153,1.532,-0.473,0.589,-0.296,1.513,0.321,0.9,0.286,0.297,0.855,-0.631,0.701,-0.061,1.228,0.667,-0.815,1.274
9,20,10,1,-1.108,1.007,0.391,1.811,0.957,0.24,-0.033,1.105,-0.201,-2.451,-2.01,0.653,-0.355,1.755,0.16,0.345,3,-0.802,-0.38,0.058,1.847,-1.486,0.746,-1.275,0.369,-1.476,0.976,0.256,0.478,-0.566,0.407,0.894,0.135,-1.483,0.257,-1.321,-0.529,0.136,1.403,1.074,-0.055,-0.515,0.276,-0.721,-0.397,-0.04
10,14,7,1,0.473,1.218,1.754,-0.966,0.464,0.233,0.974,1.097,-0.045,-2.379,-1.358,0.171,-1.304,-0.004,0.056,-0.607,-1.194,1.404,0.078,-1.107,1.939,-1.046,1.072,1.568,-0.025,0.518,0.907,2.423,2.213,0.038,-0.505,1.879,-1.315,-0.953,0.987,-0.418,-0.966,0.422,0.846,-0.556,0.088,-0.22,-0.019,-0.048,-1.272,0.996
11,14,1,1,1.497,1.281,1.338,-1.621,-0.262,0.588,-0.75,1.381,-0.521,-0.896,-1.065,0.571,0.66,0.535,0.747,0.228,0.221,-0.6,-1.179,0.239,1.313,-1.033,1.54,2.692,1.497,0.535,1.272,1.31,0.82,-0.78,-0.358,0.155,0.779,1.008,-0.202,-0.83,-0.746,0.916,-0.65,-0.707,0.951,-0.536,0.404,0.355,0.089,0.824
12,20,5,1,0.713,0.638,1.104,-0.411,-0.207,0.34,-0.459,1.648,-0.486,-1.747,-0.684,-0.351,-0.894,0.877,1.357,2.143,0.315,0.743,-1.881,-0.173,0.047,-0.481,0.884,-1.139,0.913,-2.417,1.316,0.119,1.549,-1.208,0.791,1.364,0.202,-0.42,-0.027,-0.163,0.802,1.623,1.772,0.469,-0.351,1.573,0.657,-0.165,-1.404,1.015
13,21,1,1,-0.25,1.006,0.591,-1.272,-2.553,-0.28,-1.595,0.667,-1.229,-1.163,-0.954,1.515,-0.473,1.005,0.716,0.99,-0.215,2.519,1.009,0.376,1.131,-0.888,1.706,-1.259,1.116,-1.563,0.785,1.205,1.924,0.391,0.433,0.955,-0.902,1.116,-0.093,0.85,0.191,1.022,0.88,1.258,-0.736,-0.109,-0.431,-0.575,-1.807,0.743
14,21,6,1,-0.427,0.305,0.119,-1.013,-0.543,-0.323,0.742,0.714,-0.311,-1.134,-1.905,0.991,-0.666,-0.151,1.149,1.101,-1.227,0.076,-0.734,0.082,2.757,-1.646,-0.546,0.443,-0.489,-0.577,0.174,0.99,0.448,-0.85,1.722,1.855,-0.328,0.612,-0.431,0.126,-2.104,-0.043,-0.4,1.159,0.423,0.122,1.65,0.137,-0.764,0.205
15,6,4,1,0.151,0.78,-0.338,-0.805,0.036,-0.538,0.225,0.277,0.127,-0.884,-1.427,-0.37,-0.653,-0.517,0.373,-0.172,3.441,0.766,0.634,1.285,1.772,-1.163,1.017,0.299,0.447,-0.759,1.348,0.195,-1.464,-1.625,-0.908,-0.345,-0.887,1.868,0.606,0.1,-1.413,0.835,0.327,0.436,-0.227,0.94,0.281,0.479,-2.173,0.812
16,18,10,1,1.059,0.615,0.511,-1.283,-0.212,-0.292,-2.29,0.457,-0.47,0.05,-1.02,0.996,-0.608,1.018,0.639,0.474,0.618,-0.365,0.64,0.135,0.947,-0.839,0.67,0.286,-0.395,-1.064,0.171,-0.441,0.295,0.71,1.931,1.852,-0.812,-0.592,0.809,0.722,-1.265,0.688,0.874,-1.761,0.229,-0.07,0.729,0.739,-0.567,0.863
17,9,6,1,-0.264,1.658,-1.837,-0.65,0.637,-0.068,-0.977,0.481,-1.558,-0.357,-0.55,0.113,-0.241,0.707,0.547,0.874,-0.322,-2.148,-0.323,0.68,1.576,-0.666,1.33,1.434,1.821,-1.344,0.373,0.436,1.202,0.022,0.153,-0.032,-1.216,0.631,0.008,-0.109,-1.198,1.09,1.458,-0.694,-0.012,0.616,0.717,-0.237,1.566,2.01
18,4,9,1,-1.543,1.417,-1.057,-1.863,1.012,0.203,-1.991,0.852,-0.791,-1.027,-0.748,0.232,0.649,0.761,1.25,0.203,0.336,0.716,0.29,0.117,2.238,-1.183,0.212,-0.041,0.525,-1.305,0.877,0.732,0.496,-0.904,-0.1,0.765,-0.153,0.348,-0.416,-0.767,-0.402,0.358,0.076,0.788,0.766,0.086,1.305,0.571,-0.759,-0.321
19,15,7,1,-0.444,0.085,1.793,-0.038,0.5,0.083,0.884,1.742,-0.513,-1.361,-0.817,0.986,-0.797,-0.104,1.269,0.461,0.3,-0.911,-2.011,0.722,3.23,-1.658,0.506,-0.142,0.926,-1.07,0.28,0.773,1.801,0.368,1.415,1.232,-0.359,1.333,-0.189,-0.636,-1.278,0.682,0.174,0.175,-0.005,0.962,0.201,0.217,-1.22,1.085
20,29,6,1,0.25,0.249,-1.09,-1.558,-0.644,0.341,-0.102,-0.288,0.81,-0.716,-0.37,0.972,-0.55,0.832,0.809,1.572,-0.48,0.818,-1.107,0.678,1.585,-0.816,0.488,-1.07,1.179,-0.596,0.638,1.086,-0.263,-0.566,0.792,1.369,0.151,0.505,0.151,-0.6,-0.153,1.072,-0.418,1.398,0.041,-0.435,-0.241,-0.076,-2.757,1.054
21,26,8,1,0.654,0.575,2.072,-1.513,0.611,0.548,-1.195,0.016,-0.471,-1.291,-1.39,0.471,-0.183,-0.515,1.924,1.458,0.517,0.057,-1.738,0.243,2.387,-0.967,1.348,-1.033,0.706,-1.342,1.942,0.674,0.595,-1.828,1.279,0.89,-0.325,1.047,-0.411,-0.598,-0.163,0.271,-1.691,0.897,0.226,1.808,0.873,-0.267,-1.837,0.967
22,8,3,1,-0.487,1.129,0.336,-1.189,-1.618,0.828,-1.601,1.304,-1.813,-0.484,-1.387,1.393,-0.281,-0.571,0.739,1.025,2.727,-1,0.58,0.173,0.148,-0.786,0.149,-0.447,0.58,-0.703,1.319,1.33,1.266,-1.282,0.682,0.796,-0.727,-1.665,-0.475,-0.003,-1.503,1.447,2.617,-0.882,0.643,-1.674,1.303,1.337,-0.27,1.007
23,23,1,1,1.213,1.16,-1.29,-1.291,0.58,0.416,0.211,0.249,-0.937,0.25,-0.965,1.247,-1.074,1.611,-0.513,1.085,1.824,-0.012,-0.215,0.742,1.035,-1.267,-1.087,-0.324,-0.403,-0.243,1.493,0.502,0.696,0.488,-0.798,-0.087,-0.993,0.133,0.416,1.234,-0.068,0.299,0.249,0.135,-0.007,-0.941,0.835,0.069,-1.247,1.097
24,21,9,1,1.441,0.029,-0.314,-0.581,-0.877,-0.536,-0.542,1.399,0.877,-2.151,-1.167,0.284,-0.891,1.089,0.083,1.078,0.963,-0.725,-0.287,0.248,2.109,-0.99,-0.356,0.39,0.307,-0.822,0.729,0.23,1.193,0.665,0.619,1.707,-0.407,1.642,-0.252,1.229,0.155,0.684,-0.011,-0.215,-0.153,-0.164,-0.88,0.834,-0.334,1.772
1,23,2,1,0.4,0.369,0.308,-1.889,-0.979,-0.723,-3.46,1.258,-0.63,-0.815,-0.856,1.597,0.098,0.205,1.352,0.949,0.336,-0.519,-0.404,0.825,1.866,-0.357,0.411,-0.042,1.025,-0.663,2.373,0.29,0.489,-1.433,2.716,0.154,0.302,0.119,-1.085,-0.079,-0.186,-0.755,0.259,-0.226,0.379,0.732,-0.34,0.609,-1.454,0.889
2,13,8,1,0.997,1.306,0.829,-1.239,-0.57,-0.059,-0.785,0.592,-1.075,-2.436,-0.614,0.338,0.273,0.326,0.729,1.732,1.057,0.014,-1.042,0.266,1.138,0.103,0.802,-0.361,0.564,-2.415,0.338,2.093,1.149,0.532,-0.078,0.834,-1.283,2.241,0.41,-0.783,-1.458,0.902,-1.134,0.661,1.305,0.402,0.281,-0.087,-0.519,1.574
3,13,3,1,-1.584,0.661,2.504,-0.229,-0.064,0.089,0.71,1.906,-1.519,-0.519,-0.708,1.476,-0.048,-0.284,1.218,0.135,1.024,0.134,-0.151,0.327,1.751,-0.325,1.498,0.867,1.285,-0.709,-0.261,0.488,1.263,0.813,1.441,1.813,-0.425,0.245,-0.149,-0.068,-1.023,1.105,-0.057,0.316,-0.194,0.567,1.097,1.154,-0.439,1.208
4,18,1,1,1.243,0.335,0.658,-0.902,1.41,-0.374,-2.11,1.155,-1.421,-2.041,-0.967,1.351,0.159,1.499,0.381,0.002,1.44,1.679,0.344,-1.255,-0.225,-1.179,1.185,-1.185,0.22,-1.24,0.985,0.157,0.339,-1.602,1.101,0.075,0.775,0.133,-0.18,-0.4,-0.451,0.437,0.811,-0.25,-1.379,0.697,-0.416,0.723,0.808,1.59
5,19,5,1,-0.004,1.362,1.413,-0.928,0.552,-0.986,0.251,1.318,-1.226,-1.747,-0.58,1.974,0.791,1.522,0.962,1.442,2.614,-1.148,-1.521,0.261,-0.255,-0.91,0.069,-1.068,1.412,-2.443,0.966,2.255,1.282,-0.595,0.176,2.144,-0.789,0.729,0.457,-0.314,-1.097,-0.173,0.304,-1.477,0.098,0.481,-0.06,-1.281,-2.344,1.099
6,3,4,1,-0.297,-0.22,2.384,-1.672,-2.12,0.678,-0.297,2.017,0.68,-1.066,-1.929,1.026,-0.122,1.688,0.658,1.552,-0.465,-2.396,-1.355,0.832,2.306,-0.583,0.248,-0.872,0.858,-1.078,-0.02,0.782,0.595,-0.905,0.723,0.499,-0.74,-0.981,0.272,0.201,-0.733,0.337,1.686,0.853,0.295,0.049,0.717,0.889,-2.058,0.832
7,28,9,1,-0.305,0.872,0.481,0.925,0.669,0.105,-0.185,0.692,-1.442,0.491,-1.807,-0.632,-1.223,0.324,0.345,0.952,-0.492,-0.496,0.089,0.887,0.584,-1.124,0.416,0.757,1.827,-0.575,1.725,1.083,0.146,-2.282,1.225,1.257,0.625,0.712,-0.555,-0.022,-2.006,-0.226,1.768,0.349,0.452,-0.62,-0.822,0.621,-1.948,1.286
8,12,9,1,-0.719,1.366,0.936,-1.069,0.806,0.075,-0.832,0.419,-1.132,-1.268,-0.5,2.344,-1.085,0.592,1.128,0.833,-0.056,-0.742,0.911,0.134,1.167,-0.658,1.708,1.453,1.48,-1.588,-0.251,0.877,0.636,-0.364,0.292,0.86,0.677,1.62,-0.044,-1.217,-0.82,1.066,0.978,0.324,-0.535,1.134,0.988,0.036,-0.645,1.314
9,25,6,1,0.684,0.477,-0.877,-1.646,-1.03,-0.644,-1.576,1.435,-0.722,-2.035,-1.058,1.505,0.132,1.13,1.018,-0.78,0.682,1.415,-0.013,0.182,0.166,-1.165,-0.035,-0.076,0.312,-2.279,0.418,-0.221,0.138,-1.443,0.703,1.177,-0.899,-1.157,-0.183,1.046,-0.786,0.533,0.439,-0.939,-0.938,-0.248,0.238,0.086,-2.294,-0.258
10,9,5,1,0.058,0.574,2.211,-2.639,-1.305,-0.122,-1.188,1.301,-1.206,-1.807,-0.359,1.77,-0.575,0.888,0.366,1.322,0.402,1.722,-0.636,0.144,0.17,-0.355,0.094,-0.407,1.192,-0.572,0.813,2.286,-1.123,-1.239,-0.18,0.478,-0.735,-0.362,0.004,1.392,-1.695,0.787,-0.883,2.029,0.17,-0.369,0.182,0.139,-0.117,0.594
11,1,7,1,0.432,1.052,0.741,-1.011,0.433,-0.237,1.562,0.719,0.097,-1.618,-0.362,1.114,-1.43,1.038,0.865,1.072,2.165,-0.161,-0.956,-0.242,0.669,-0.63,-0.036,-0.371,1.243,0.391,1.832,-0.035,2.164,-1.692,0.142,0.789,0.676,0.487,0.566,1.016,-0.686,0.304,-0.528,0.192,-0.512,-1.02,0.583,0.219,-0.738,0.52
12,9,4,1,-1.263,1.825,-0.568,0.754,-0.263,1.212,1.521,0.133,-0.611,-2.025,-1.863,0.473,0.8,0.204,1.632,0.573,-0.29,0.313,-0.648,0.416,-0.609,-1.241,0.67,-0.406,0.677,-0.316,1.778,0.503,1.331,-1.199,1.616,1.352,0.113,0.009,-0.529,-0.175,-0.41,1.012,-0.975,-0.405,-0.07,-0.499,0.379,-0.047,-1.311,1.683
13,15,3,1,0.453,1.315,-0.15,-0.484,-0.015,-0.405,-1.871,0.843,-1.923,-0.748,-0.664,-0.793,-0.32,2.607,0.829,-0.487,-0.298,-1.135,-0.611,-0.331,-0.098,-0.402,0.094,1.948,0.195,-0.84,1.814,0.941,2.288,-2.956,0.154,0.467,0.841,0.062,-0.177,0.433,-0.208,0.589,-0.072,-0.336,-0.279,1.561,0.084,0.201,-0.864,-0.724
14,22,6,1,0.923,0.283,-0.384,-0.515,-0.765,-0.143,-0.668,1.566,-0.91,-1.991,-1.66,1.641,-0.334,-1.088,1.417,1.807,0.352,-1.994,-0.639,-0.324,0.839,-0.355,1.988,-0.047,1.296,-1.921,-0.461,1.963,-0.013,-1.652,1.905,0.438,0.448,-1.392,-1.072,0.56,-0.088,0.33,1.04,1.486,0.675,0.016,-0.175,1.078,-0.886,1.431
15,3,2,40,1.034,1.326,1.38,-1.241,-0.558,-0.257,0.422,0.702,-0.321,-0.804,-1.452,1.147,0.121,1.11,1.223,0.424,1.01,1.258,-2.759,0.581,13.287,,,,,,,,,,,,,,,,,,,,,,,,,
16,28,7,1,-0.213,1.704,0.059,0.02,-1.522,0.292,-1.777,1.692,-0.571,-1.157,-0.262,-0.153,-0.282,0.603,-0.23,-0.815,2.994,-0.118,0.076,-0.196,-0.067,-1.466,0.445,-0.126,0.439,-1.172,2.635,-0.385,0.375,-0.808,0.006,0.869,-0.806,2.063,0.457,-0.057,0.074,0.31,1.36,0.529,-0.106,-0.63,1.378,0.102,-0.97,0.837
17,24,3,1,0.219,0.453,-0.209,-0.996,-0.782,-0.434,-1.713,-0.038,-1.463,1.101,-0.879,0.138,-0.019,1.489,1.605,-0.127,1.86,1.114,-0.844,0.019,-1.629,-0.149,0.189,0.528,0.859,-0.32,2.009,-0.503,2.427,-0.691,2.176,0.202,0.311,0.054,0.439,-0.321,0.751,1.905,0.469,0.11,-0.199,0.729,-0.119,0.2,-0.46,0.957
18,23,6,1,0.153,2.129,0.137,-0.953,1.013,-1.297,0.577,0.056,-0.457,1.083,-1.815,-0.098,-0.128,1.014,0.884,0.664,2.176,-0.61,-2.293,0.749,0.688,-0.601,0.802,-0.608,0.04,-1.573,2.153,0.399,-0.322,0.226,1.346,0.223,0.374,2.104,0.012,0.018,-0.092,0.206,-0.403,-1.544,0.405,0.451,-0.673,0.1,-0.394,1.147
19,22,8,1,-1.198,2.149,-0.67,-1.804,-1.27,-0.17,-1.799,1.571,-0.53,-2.462,-1.157,1.134,-0.906,-0.263,0.266,0.254,0.72,-0.521,-0.586,0.185,3.42,-1.649,1.426,1.187,1.23,-0.453,0.516,1.691,0.245,-0.116,0.194,1.541,0.061,-0.056,0.538,1.038,-1.508,-0.632,-0.597,-0.474,-0.556,0.685,1.067,-0.436,-0.401,0.467
20,3,9,1,-0.874,-0.174,-0.577,-1.916,0.807,-0.508,-1.309,1.524,-0.637,-1.754,-1.88,0.427,-1.519,0.482,1.554,1.139,0.253,-0.145,-0.023,-0.095,0.688,-0.615,1.129,0.651,2.312,-2.272,2.076,-0.164,1.376,-0.208,1.233,1.019,-0.212,-1.221,-0.597,0.437,-0.731,0.523,-0.877,-0.091,0.001,-0.842,0.315,-0.195,0.14,1.858
21,19,6,1,0.7,0.606,1.76,0.365,-0.997,-0.638,0.164,1.991,-1.637,-0.172,-0.681,1.375,0.377,-0.594,0.544,0.09,0.456,0.687,0.13,0.324,0.842,-1.143,-0.488,0.03,0.59,-1.626,-0.445,-2.32,1.259,-0.502,0.312,1.504,-0.974,-0.025,0.14,0.005,0.02,0.886,-0.63,-0.812,-0.298,-0.989,-1.716,-0.234,-1.072,1.264
22,17,6,1,0.596,0.374,-0.311,1.237,0.478,-1.468,-0.606,1.13,-1.069,0.887,-1.884,0.98,-0.905,-0.191,0.788,1.864,1.515,-0.862,-0.348,0.473,-0.464,-1.321,0.963,0.964,-0.752,-0.775,0.257,-0.182,0.661,-0.597,1.187,0.533,-0.738,-0.5,0.75,-0.691,-0.409,1.11,-0.18,-1.069,-1.13,-0.237,0.036,-0.02,0.134,1.166
23,13,1,1,-0.734,1.614,2.124,-1.041,0.079,0.353,0.522,0.245,-0.032,-1.996,-0.337,2.033,-0.432,0.387,1.567,-0.739,-0.263,-1.441,-1,0.643,2.746,-0.329,0.937,-0.065,0.458,-1.88,0.669,1.191,1.208,-0.201,1.059,1.566,-0.388,-0.438,-0.209,-0.034,-1.23,0.434,0.147,0.037,0.75,-0.045,-0.301,0.733,0.245,0.536
24,20,6,1,-0.24,0.707,0.15,-0.681,-1.44,-0.157,0.152,0.912,-1.378,-0.439,-0.912,1.393,-0.767,2.203,0.428,1.274,-0.09,1.323,-0.214,-0.575,0.575,-0.385,1.38,1.766,0.917,-0.894,0.351,1.102,0.745,-0.775,0.589,0.542,-1.031,0.615,0.32,-1.45,-0.784,1.169,0.707,-0.711,-0.051,-1.357,1.323,0.597,-1.291,1.493
1,8,6,1,0.017,-0.248,-1.366,-1.103,0.309,-0.522,-1.7,-0.191,-0.255,-1.202,-1.207,-0.233,0.39,0.929,0.575,-0.166,-0.133,-1.133,-0.326,0.061,1.44,-0.74,0.004,0.14,0.766,-1.896,0.138,0.176,1.834,-1.423,-0.475,0.819,-0.049,-0.364,-0.718,-0.507,-0.327,0.785,1.023,1,0.287,0.181,0.085,0.209,-0.418,-0.105
2,26,9,1,-0.007,-0.818,0.815,1.367,0.5,0.024,-0.207,0.729,0.032,-0.638,-1.66,0.628,-0.387,-1.201,0.671,0.443,0.961,1.205,0.199,0.124,1.144,-1.136,0.968,0.436,1.042,-0.115,0.913,1.219,0.867,-1.82,0.548,-0.61,-0.407,-0.244,1.012,0.777,-1.333,1.722,0.047,1.545,-0.729,-0.851,0.027,0.989,-1.112,1.292
3,2,8,1,0.822,0.789,1.92,0.096,0.11,-0.576,0.212,1.448,-0.66,0.478,-0.913,0.062,-0.017,1.244,1.164,0.292,0.374,2.182,-1.218,-0.356,1.665,-1.768,-0.731,-0.715,1.426,-0.583,-0.086,1.379,0.654,-0.07,1.265,0.203,0.212,-0.597,0.106,0.046,-0.601,-0.034,0.91,-0.77,0.273,0.347,-0.233,-0.268,-0.295,2.462
4,8,8,1,-0.164,1.264,0.742,-0.194,1.133,-0.763,0.048,1.047,0.571,0.184,-0.486,1.532,-0.006,0.617,0.633,0.046,0.211,-2.435,0.694,-0.019,0.487,-1.291,1.069,-0.977,-0.27,-1.716,2.379,1.722,-0.5,0.625,1.398,1.442,-0.381,1.177,-0.031,-0.251,-0.42,0.61,1.302,-1.472,-1.003,-1.203,-0.459,0.08,-2.21,0.551
5,2,2,1,-0.181,0.431,-0.083,-0.528,-0.326,-0.561,-0.466,2.369,-0.687,-0.123,-1.253,-0.389,-0.664,0.946,1.384,-0.031,2.191,-1.524,0.656,0.743,1.021,-1.609,0.996,0.683,0.219,-1.689,-1.257,-0.01,1.67,-0.922,0.202,0.603,0.404,2.226,0.502,-0.465,-0.684,0.805,1.053,1.442,0.867,0.057,-0.244,-0.677,-1.85,0.539
6,6,3,1,-0.321,1.587,0.955,-1.778,1.002,0.607,-1.779,-0.387,0.269,-1.213,-1.854,1.743,-0.102,2.194,-0.114,2.169,1.03,0.4,-0.402,-0.083,0.156,-0.137,1.523,-0.265,1.358,0.095,-0.822,-0.306,0.452,0.447,1.131,1.446,-0.794,-0.322,-0.013,-1.807,0.287,1.488,0.045,0.543,0.244,0.457,0.923,0.958,-0.304,0.777
7,12,7,1,-0.408,0.385,0.287,-1.028,-0.012,0.382,-0.906,0.762,0.249,-0.628,-1.276,1.823,-1.391,-0.132,0.681,0.965,-0.576,0.528,0.281,-0.098,2.147,-0.447,1.089,0.354,0.782,-1.034,1.74,0.827,0.533,0.981,-0.02,0.128,-0.051,0.123,-0.599,0.406,0.087,0.302,0.654,2.956,0.061,0.162,0.642,0.664,0.425,-0.07
8,20,4,1,0.426,0.321,0.104,-1.696,-0.917,-0.617,0.402,0.495,-0.953,0.118,-1.898,-1.502,-0.286,0.592,-0.128,1.882,0.265,1.55,-0.438,-0.005,1.251,-1.555,1.728,-0.088,-0.108,-0.434,0.641,0.709,1.033,1.281,2.29,1.024,-0.35,-1.008,-0.916,-0.645,-0.611,-1.176,0.899,0.101,0.508,1.9,0.586,0.275,0.273,0.435
9,18,9,1,0.368,0.792,1.202,0.496,-0.893,0.432,-0.65,0.792,-1.072,-0.324,-0.264,-1.426,-1.641,0.139,0.799,-0.106,-0.35,0.397,0.147,0.222,-0.256,-0.426,1.442,-1.027,2.422,0.588,1.568,-0.065,0.551,-0.275,0.134,2.04,-0.997,1.27,-0.508,-0.882,-0.577,1.484,-2.12,0.655,-0.128,0.642,-0.039,-0.424,-0.705,1.911
10,8,5,1,0.645,0.891,0.792,0.146,0.068,0.029,0.435,2.032,-0.643,-0.758,-0.865,0.732,-0.803,-0.017,0.989,1.523,0.816,-0.435,-0.344,0.648,-0.099,-1.416,2.446,0.271,1.15,-1.182,0.967,1.838,1.546,-0.567,1.179,0.06,0.039,0.325,0.619,0.288,0.583,0.811,-1.807,-0.006,0.46,-0.748,-0.87,-0.473,0.717,0.186
11,15,9,1,1.335,0.561,-0.398,-1.166,0.365,0.618,-2.335,-0.216,0.039,0.823,-0.789,1.355,-0.554,0.995,-0.014,0.884,0.016,0.583,-0.853,1.036,0.968,0.056,2.243,2.196,1.199,-1.196,1.383,1.639,0.999,-2.743,1.588,1.162,-0.265,0.106,0.563,-0.068,-0.556,1.46,-0.624,0.86,1.16,-0.237,-0.145,-0.107,-1.309,0.752
12,17,2,40,0.554,0.845,0.708,-1.423,-1.905,0.429,-0.467,2.428,-0.403,-1.081,-1.12,3.034,-0.64,1.247,1.145,-0.079,2.498,13.999,,,,,,,,,,,,,,,,,,,,,,,,,,,,
13,28,5,40,-0.366,-0.394,0.954,-0.054,1.782,-0.34,0.078,-0.291,-0.866,0.04,-1.396,1.354,0.5,1.907,1.038,-0.394,2.263,,,,,,,,,,,,,,,,,,,,,,,,,,,,,
14,11,3,1,-1.106,0.834,0.509,-1.633,-1.232,0.519,0.54,0.441,-1.235,-1.636,-1.248,0.51,-1.271,0.043,0.882,1.505,0.986,0.017,-1.808,0.604,1.617,-0.519,1.179,1.26,0.559,-0.705,0.574,0.814,0.166,-1.018,0.826,-0.017,0.491,0.37,-0.266,0.819,-0.95,0.65,-1.263,2.375,0.645,1.074,-0.118,1.158,1.708,0.954
15,12,10,1,-0.718,0.966,-0.614,0.435,-0.002,-0.209,0.417,1.411,-0.378,-0.001,-1.37,0.998,0.403,0.005,0.73,1.997,0.107,-0.181,0.859,-0.315,0.648,-0.685,1.858,0.248,1.266,-3.263,0.656,-1.01,0.368,-1.536,0.574,0.796,-0.767,-0.2,-0.129,-0.541,-0.863,1.21,-0.166,0.203,-0.499,-2.397,0.361,0.362,-1.094,1.129
16,30,7,1,-0.089,1.448,0.126,0.453,0.651,0.238,-1.008,0.786,-0.4,-0.623,-1.018,-0.258,-0.921,0.35,-0.259,-0.306,1.384,1.833,-2.506,-0.13,-0.301,-1.855,-0.245,1.794,0.311,-1.65,2.271,-0.213,-0.624,0.647,0.818,1.004,-0.929,0.071,-1.485,0.43,-0.854,0.059,-0.162,1.921,0.523,0.394,-0.199,0.093,-1.174,0.031
17,15,6,1,-0.375,1.155,-0.381,-1.057,-2.018,0.24,-0.137,1.913,0.849,-1.338,-1.392,1.37,-0.681,2.404,-0.495,-0.185,-0.9,2.383,0.696,-0.238,1.726,-0.566,1.225,0.462,0.951,-0.174,0.399,0.37,0.871,-0.361,1.019,0.056,0.727,-0.281,-0.741,0.326,0.911,1.019,-0.531,0.736,0.041,-1.482,3.159,-0.206,-1.65,1.303
18,2,1,1,0.62,1.074,-0.033,-1.01,0.122,-0.661,0.521,1.19,-1.316,-1.16,-1.615,2.663,-1.413,1.719,0.738,0.558,1.116,0.447,0.273,0.786,0.488,-1.273,0.551,-0.236,0.557,-1.57,1.029,1.883,-0.373,0.128,0.977,1.295,-0.162,-0.404,-1.536,-0.661,-1.083,2.016,-0.018,-0.079,-0.683,-0.451,-0.538,0.498,-2.178,1.68
19,11,7,1,-0.772,0.608,-0.121,-0.457,1.269,0.071,1.004,2.181,-0.416,-1.277,-1.043,0.352,-1.112,0.854,-1.352,-0.527,2.232,0.479,-0.567,1.683,0.108,0.141,0.568,0.293,0.246,-1.18,0.984,0.728,0.662,0.525,0.2,0.716,-0.599,0.766,0.281,-0.021,-0.436,0.332,-0.348,-1.007,0.703,-0.331,0.873,0.322,0.589,0.339
20,5,9,1,0.02,1.294,-0.293,-1.567,1.475,-0.774,-0.983,1.411,-1.032,-1.639,-1.074,1.697,-0.128,-1.883,0.735,-0.897,0.802,0.052,-0.475,0.205,1.325,-1.988,1.88,0.832,2.27,-0.31,-0.355,-0.683,0.797,-1.89,0.301,1.639,0.121,-1.007,0.585,-1.103,-0.257,0.575,-0.375,0.446,0.198,1.307,0.49,-0.285,-1.07,1.123
21,28,1,1,0.047,0.849,-0.437,0.524,0.488,0.523,-1.717,0.893,0.337,-1.339,-0.268,2.263,0.652,0.784,0.265,0.19,1.814,1.659,-0.783,-0.468,0.251,-1.011,1.226,0.396,1.159,-1.408,0.609,0.818,0.81,-1.015,-0.325,0.66,0.077,1.495,-0.035,-0.031,-1.141,0.057,-0.305,0.402,-0.292,0.37,-0.888,-0.001,-2.456,0.37
22,17,4,1,-0.627,-0.694,-0.279,-1.112,-0.223,-0.3,0.596,0.475,0.327,-0.048,-1.302,0.263,-2.706,0.587,0.487,-0.027,1.893,-1.096,-2.002,0.958,0.467,-0.726,0.348,-0.953,0.728,0.172,2.064,-0.944,-0.382,-1.894,1.151,1.421,0.011,-0.061,-0.16,-0.831,-0.214,0.587,2.042,-1.762,0.36,-0.088,1.697,0.109,-1.519,-0.188
23,2,5,1,0.578,0.058,0.143,-1.207,-1.023,0.723,-2.478,1.538,-1.768,-1.213,-0.494,0.86,0.725,1.183,0.183,-0.721,0.486,0.075,0.216,0.621,2.126,-0.168,1.926,1.086,0.787,-0.036,1.75,-0.5,0.53,0.001,0.795,1.13,-0.212,1.031,-0.278,-0.062,-0.024,0.82,0.201,-1.459,-1.049,-0.617,0.713,0.243,0.844,1.648
24,25,1,1,0.921,1.275,0.451,0.259,-0.386,0.273,1.967,2.142,-0.102,-1.333,-0.479,1.629,-0.405,1.524,1.363,1.407,-0.484,0.224,-0.57,0.174,1.696,0.67,0.236,-0.131,0.995,-0.947,0.775,1.125,-0.808,-0.117,-0.075,0.327,-0.418,-0.758,-0.022,-0.201,0.446,1.564,0.197,1.624,-0.198,-0.874,-0.304,-0.139,-1.386,0.34
1,23,9,1,-0.337,1.447,1.209,-2.318,-0.123,-0.205,-0.851,0.02,-1.154,-0.496,-1.382,2.513,-0.343,-0.229,1.007,0.621,-0.97,0.085,0.699,0.667,2.215,-1.216,1.742,0.4,0.141,-1.453,1.041,-0.114,0.808,-0.08,0.87,1.02,0.78,0.819,-0.107,0.015,-0.423,0.617,-0.184,0.379,0.835,0.849,0.468,0.124,-0.4,0.855
2,24,10,1,0.355,1.706,1.062,-0.68,-0.087,-0.023,-2.66,0.712,-0.677,-1.734,-0.818,-0.195,-0.502,-0.327,1.375,1.986,1.021,0.925,0.316,0.969,0.749,-1.602,1.245,0.141,2.847,-1.175,-0.323,0.801,1.502,-3.258,0.455,0.878,0.022,-0.2,-0.874,-0.058,-0.678,0.99,-0.152,-0.609,1.997,1.173,0.218,-0.286,-0.809,0.633
3,19,7,1,-0.006,-0.937,1.136,-2.459,-0.889,-0.784,0.797,1.315,-1.047,-1.629,-1.037,0.322,-0.968,0.573,-0.075,0.341,2.712,-1.328,-1.376,0.806,0.38,-0.606,0.028,0.481,-0.404,-2.263,-0.034,-0.487,1.274,-1.45,1.422,0.867,-0.27,-0.061,-0.114,0.672,-0.31,0.922,1.781,0.947,0.192,1.263,-0.239,0.156,-1.778,1.046
4,18,3,1,0.462,1.191,0.048,-0.078,-0.877,1.352,-0.619,0.054,-0.443,-1.028,-0.638,0.505,0.501,1.59,0.997,2.065,1.09,0.665,-1.121,1.27,0.199,-3.37,1.41,-0.988,2.04,0.795,0.485,-0.705,1.12,0.064,0.292,2.365,-1.204,-0.784,-0.483,-0.915,0.307,1.143,0.948,0.413,-0.353,1.506,0.98,0.7,-0.819,0.924
5,29,2,1,0.598,0.172,-0.435,-1.676,0.433,-0.11,0.154,0.833,-0.029,0.204,-0.617,-0.007,0.147,1.081,0.427,0.459,-0.62,-0.234,0.577,0.511,1.473,-0.56,1.13,-0.123,0.025,-0.535,1.432,1.017,1.058,-1.318,-0.267,0.566,0.434,2.203,-1.364,1.008,0.753,2.052,1.641,0.808,0.638,-0.244,0.046,0.253,-0.056,1.145
6,12,5,1,0.351,-0.175,-0.379,1.991,-0.21,-0.21,-1.608,1.111,-0.082,-0.426,-1.217,0.43,-1.373,1.149,-0.148,1.011,1.064,0.322,-0.479,0.186,2.63,-2.436,0.991,0.134,0.873,-1.905,0.718,1.705,1.139,-0.704,-0.047,-0.367,-0.099,-1.355,-1.549,0.348,-0.427,1.06,-0.955,-0.498,0.599,-0.633,1.27,0.184,-0.638,1.318
7,22,9,70,-0.985,1.622,-0.801,1.182,-2.279,0.11,-1.353,1.35,0.638,0.009,-0.31,2.845,-1.433,0.124,-0.251,0.035,0.767,-0.109,-0.535,-0.087,0.781,-0.76,1.859,0.137,0.948,-0.37,0.339,1.859,0.098,-0.647,0.302,-8.138,,,,,,,,,,,,,,
8,3,8,1,0.468,0.889,0.693,-0.24,1.008,0.247,1.144,0.99,-0.437,-0.639,-0.513,1.115,-0.83,0.966,1.613,-0.635,1.698,0.568,-1.327,-0.344,-1.309,-0.393,2.491,0.102,0.225,-2.197,-0.111,-0.232,-0.053,-0.931,0.517,2.435,-0.68,-1.885,-0.089,-0.4,-0.294,0.056,0.334,-0.91,0.742,-0.127,0.824,0.442,-1.674,0.755
9,14,4,1,0.118,0.876,1.615,1.181,1.422,-1.232,0.43,0.814,-0.632,-1.37,-1.407,-0.673,-0.457,-0.515,1.012,0.868,-0.255,2.112,-1.696,0.054,1.501,-1.899,0.639,-0.015,0.706,-1.657,3.065,1.027,0.847,-2.23,1.626,1.162,-0.202,0.069,0.442,-0.024,-1.732,1.22,-0.74,0.979,0.161,-0.685,0.243,-0.28,-0.228,1.322
10,30,9,1,0.151,0.923,-0.04,-1.6,0.093,-0.286,-1.365,1.097,-1.011,-2.596,-0.548,0.32,-0.3,-1.974,0.068,-0.578,-1.136,-1.752,-1.619,0.508,1.074,-1.142,1.522,0.752,1.622,-0.176,0.914,1.878,1.151,-0.812,-1.037,1.24,0.119,0.013,0.026,0.425,0.276,1.191,-0.567,0.967,-0.294,-0.562,0.734,-0.442,-0.695,1.709
11,17,1,1,0.161,1.27,1.643,-2.359,-0.366,0.012,0.55,0.497,-1.188,-1.503,-1.039,1.984,-0.923,1.652,0.383,0.841,1.005,2.019,-0.984,-0.212,1.392,-0.758,1.291,-1.145,-0.083,-0.967,2.652,1.563,2.045,-0.905,0.621,2.325,-0.542,-0.085,-0.174,-0.535,-1.386,1.077,1.129,-0.161,0.515,-0.412,-0.213,-0.666,-0.976,1.657
12,21,10,1,-0.975,0.537,0.747,-0.383,-0.409,0.493,-0.915,1.359,-0.274,-1.571,-0.74,1.712,-0.191,1.036,1.512,0.918,1.183,1.959,-0.579,0.835,0.824,-0.546,1.209,-0.949,1.66,-0.612,0.804,-0.532,-1.254,-0.53,2.31,1.415,-0.051,2.816,-0.135,-0.006,-0.321,1.506,-0.03,1.334,0.087,-0.057,-0.341,-0.466,-2.323,0.322
13,11,4,1,0.059,0.226,-2.284,-1.241,-0.394,0.545,0.893,0.95,-1.483,-0.505,-0.972,1.453,-0.231,0.751,-0.574,1.646,1.374,-0.069,-0.84,1.354,1.176,-0.649,1.287,0.089,0.839,0.129,0.509,-0.273,1.697,-1.156,0.048,1.496,-1.181,1.991,-0.196,0.644,-0.413,0.475,0.649,0.049,-0.436,0.698,0.02,0.539,0.613,0.649
14,14,5,1,0.589,1.423,-0.423,-0.266,0.097,-0.352,-0.442,1.22,-1.118,-2.05,-0.772,0.828,-0.753,-0.136,0.925,-0.438,-0.101,0.335,-1.221,-0.318,0.385,-1.363,0.784,0.112,0.269,0.657,-0.343,3.009,-0.664,-0.799,0.72,1.716,0.376,0.654,-0.07,-0.446,-2.109,0.427,2.456,-0.779,0.307,-0.714,-0.074,0.288,-1.872,1.048
15,21,8,1,0.275,0.632,2.137,-0.734,-1.469,0.268,-1.287,0.692,-0.155,-1.696,-0.721,-0.165,-0.383,1.167,0.502,1.43,1.048,0.569,-0.234,-0.209,1.344,-1.184,0.396,1.059,1.107,-1.771,1.941,-0.196,1.032,0.849,0.397,1.587,0.049,-1.496,1.127,0.252,0.097,0.886,2.013,0.826,-0.057,-1.275,0.532,1.127,-1.414,0.47
16,7,5,1,0.651,1.441,1.212,-0.661,0.716,0.473,-0.021,1.715,0.016,-1.509,-1.563,-0.192,0.268,1.157,0.056,2.273,0.983,-0.02,0.116,-0.223,2.035,-0.338,0.695,-0.549,1.058,-0.188,0.889,2.071,1.341,-2.129,1.024,2.68,-0.414,0.066,-0.706,-0.907,-0.443,0.059,0.475,0.285,0.189,0.523,1.067,-0.303,-2.178,1.277
17,2,4,1,1.393,0.328,-0.928,0.049,-0.858,-0.678,-0.81,1.142,-0.893,-0.212,-1.456,1.632,0.04,2.063,-0.191,-0.05,-0.184,0.097,0.227,0.102,1.891,-0.908,1.292,-0.088,0.711,-1.189,-0.179,0.472,0.145,-1.289,1.608,1.209,-0.397,0.446,-0.633,0.113,-0.154,0.19,-0.3,1.129,-0.324,-0.906,0.596,-0.217,0.282,0.809
18,17,8,1,0.474,-1.02,-0.01,-2.578,-1.128,0.883,-1.876,2.209,0.627,-1.275,-0.843,1.769,-1.014,0.766,1.287,0.224,-0.213,-0.615,0.408,0.184,1.949,-0.516,0.153,-0.586,1.156,-2.05,1.712,0.183,1.468,-0.396,2.007,0.313,-0.335,0.302,-0.472,-1.266,-0.768,0.338,0.486,0.406,0.401,-0.398,-0.162,-0.059,-1.65,1.989
19,27,1,1,-0.729,0.378,-0.634,-0.853,-0.9,-0.04,-1.013,0.636,-0.23,-0.951,-1.312,1.615,0.662,-1.187,1.429,1.711,0.253,0.548,-0.515,0.236,0.666,0.92,0.348,0.133,0.859,-1.39,1.218,0.314,0.063,-1.329,0.623,1.406,-0.224,0.732,0.292,1.201,-0.584,0.601,-0.024,-0.89,0.488,-2.209,-0.544,-0.446,0.543,0.766
20,9,2,1,-0.195,1.444,-0.783,-3.199,-0.856,-0.989,-0.42,0.809,-0.013,-0.531,-0.626,1.528,-0.419,2.008,0.111,0.973,1.625,-0.02,-1.814,1.516,1.33,-0.068,0.482,0.75,0.817,-0.935,0.334,-0.024,1.045,-1.239,0.591,0.732,-0.911,-0.262,1.316,-0.13,-1.535,0.709,0.309,1.618,0.466,0.114,-0.858,-0.17,-0.229,0.608
21,20,9,1,1.068,1.312,-0.678,-0.384,1.212,0.055,0.71,2.277,-0.848,-2.028,-0.888,-0.871,-0.161,1.497,0.174,1.471,-0.255,1.507,-0.016,0.289,1.131,-1.13,1.364,1.072,0.29,-1.246,1.373,0.439,0.046,-0.782,1.287,1.586,-0.973,-0.708,-0.206,-0.076,-0.394,0.592,-0.059,2.921,0.275,0.076,-0.392,0.232,-0.335,0.762
22,3,6,1,0.815,0.859,-0.016,-0.432,-0.912,-0.41,-1.129,0.744,-1.287,-0.062,-1.277,1.369,-0.528,-0.272,0.267,1.411,-0.153,-0.658,1.353,-0.581,1.651,-0.361,0.669,-0.012,0.966,-0.863,0.929,0.616,2.031,-1.153,-0.044,2.037,-0.785,0.82,-0.259,-0.401,-1.397,-0.005,0.093,-0.621,0.005,1.402,0.481,-0.621,-0.79,1.089
23,29,4,1,-1.614,0.332,1.609,-0.836,-1.391,-0.533,-1.8,0.741,-0.124,-1.042,-1.822,0.086,-2.054,1.324,0.021,2.707,-0.049,0.813,-0.52,-0.898,0.755,-0.596,0.368,0.076,0.757,-3.485,1.583,-0.344,-1.362,0.66,1.084,0.998,-0.131,1.21,-0.337,-1.033,-0.963,0.075,0.031,-0.363,0.844,0.063,0.253,0.075,-0.834,1.04
24,9,1,1,0.715,1.499,0.601,-1.118,-0.14,0.84,-0.819,0.765,-0.728,-1.614,-0.814,1.551,0.331,0.298,1.656,0.696,-0.65,0.735,-1.367,-0.21,1.72,0.14,1.609,0.291,0.682,-0.752,-0.712,-0.723,-0.274,0.883,0.707,0.703,-0.911,0.371,-0.903,0.698,-0.118,0.791,1.318,0.933,-0.044,0.515,1.054,-0.102,-0.364,1.326
1,10,2,1,0.214,0.831,0.559,0.405,0.037,0.456,0.314,0.477,-0.503,-0.117,-1.777,-0.434,-0.662,0.779,1.133,1.017,-1.048,-0.742,0.904,0.632,1.261,-0.75,-0.358,-1.62,-0.154,-0.653,1.676,0.298,1.707,-0.87,1.272,1.348,-0.208,-0.041,0.347,1.255,-0.082,1.376,0.253,-0.919,0.327,0.79,-0.428,0.514,-3.788,0.355
2,5,1,1,0.375,0.687,1.476,-2.959,-1.962,0.446,-0.566,1.479,0.096,-1.901,-1.143,0.887,-0.426,0.171,0.548,0.086,1.288,-0.684,-0.507,0.354,0.904,-1.761,0.223,-0.097,0.743,-1.235,1.404,-1.199,1.292,-1.321,-1.144,1.398,-0.578,-1.421,-0.264,0.4,-0.566,0.087,-1.214,-0.018,0.239,-1.565,0.14,-0.316,-2.488,0.892
3,27,9,1,-0.01,1.16,0.877,-0.483,-0.799,0.089,0.105,0.176,-0.449,0.289,-0.428,1.326,-1.057,0.413,0.618,2.196,1.364,0.747,-1.08,0.029,-0.144,-1.234,1.845,0.775,0.012,0.048,1.602,0.402,2.158,-0.506,2.237,0.243,-0.77,1.274,0.172,1.012,0.557,0.808,0.759,1.003,-0.411,-1.915,2.546,0.598,-3.028,1.419
4,30,2,1,-1.2,0.86,0.501,-2.198,-1.39,-0.011,0.577,0.573,1.234,0.112,-0.213,2.783,-0.328,0.397,0.62,0.26,2.219,-1.444,-0.249,0.757,1.186,-1.711,1.317,1.474,1.417,-1.946,3.28,1.728,1.196,-0.496,1.494,0.57,-0.428,-1.206,-0.866,-0.523,-1.054,-0.153,0.107,-0.169,0.216,-0.536,-0.51,0.523,-2.498,0.678
5,5,7,1,1.007,0.963,-0.238,-1.737,0.866,0.041,0.274,0.679,0.097,-1.417,-1.787,-0.086,-0.953,-0.482,-0.666,0.516,1.386,0.492,-0.132,-0.032,1.569,-0.471,1.051,-0.536,1.019,-1.457,2.176,-0.022,0.872,-0.458,-0.076,0.114,0.767,-1.706,-0.345,0.892,-1.003,0.246,0.216,-0.718,0.709,-0.767,0.618,0.525,-1.813,0.403
6,27,4,1,0.097,1.339,1.354,-0.231,0.521,-0.491,1.269,0.579,-1.072,-0.037,-0.831,1.504,-0.309,0.889,0.98,1.522,-1.242,0.473,-0.944,0.888,-0.326,-1.068,1.005,-0.592,0.787,-0.573,-0.577,0.3,1.782,-0.231,0.18,1.475,0.578,1.493,-0.458,-0.035,-1.812,1.087,1.114,-1.079,0.153,0.09,1.04,0.365,-0.088,0.992
7,15,5,1,-0.407,1.915,1.387,-2.687,-0.269,-0.052,0.521,0.81,-0.359,0.084,-0.284,0.886,-0.47,0.743,0.836,2.377,0.152,1.279,-0.373,-0.051,-0.04,-0.014,-0.032,-0.374,1.255,-1.951,0.532,1.21,-0.353,-0.491,-0.742,1.692,-0.489,1.07,-0.201,-0.145,-0.666,1.05,0.826,0.279,-0.084,-0.808,1.585,-0.529,-1.198,1.969
8,14,2,1,-0.065,0.634,2.066,-1.964,0.821,-0.716,-0.782,1.188,0.56,-1.626,-0.818,-0.26,-1.308,-0.816,0.978,0.122,2.577,0.852,-1.705,0.756,1.686,-0.98,2.045,1.065,0.768,-1.041,2.057,-0.02,0.615,0.443,1.293,1.791,0.498,-1.451,-0.771,-0.172,0.01,0.127,1.614,-0.016,0.892,-0.738,-0.192,0.274,-1.765,1.136
9,17,5,1,-1.289,0.75,1.259,-0.592,-0.977,0.218,0.155,1.227,0.476,0.28,-0.768,0.669,-0.404,1.21,0.568,2.172,1.126,-0.448,-0.581,1.082,0.529,-1.079,0.54,-2.185,0.371,-0.983,2.132,0.931,1.321,-2.131,1.07,1.149,0.935,-0.795,-0.372,0.598,0.189,0.672,0.015,-0.868,-0.199,0.562,0.736,-0.002,-0.923,0.374
10,1,2,1,-0.634,-0.755,0.88,-0.839,-0.719,-0.893,-2.07,0.777,0.449,-1.153,-1.354,1.164,-0.977,0.512,0.653,1.219,0.492,-0.992,-0.815,0.387,0.294,-0.563,0.854,-0.315,1.101,-1.612,1.826,-0.11,-0.763,-1.789,0.65,2.051,-0.637,0.262,0.764,-0.091,-0.331,-0.171,0.287,0.069,-0.723,-0.419,1.207,-1.017,0.394,0.566
11,18,2,1,-0.894,0.12,0.546,-0.392,-0.175,-0.262,0.729,0.802,0.577,-0.152,-1.247,-0.343,-1.614,-0.019,1.227,2.933,0.911,0.235,0.08,-0.136,0.152,-1.693,0.906,-1.315,0.85,-1.568,1.634,0.601,-0.611,-0.723,1.441,1.25,-0.18,-1.151,0.643,0.812,-1.621,0.822,-0.431,-0.105,0.927,-0.865,2.329,0.512,0.107,-0.313
12,24,8,1,-0.469,0.365,-0.715,1.33,-0.561,-0.357,0.115,-0.381,-0.145,-1.723,-0.946,1.361,-0.086,0.008,0.6,-0.127,-0.005,-1.029,-0.854,-0.482,1.762,-0.828,1.764,-0.889,0.622,-1.178,1.909,0.254,-1.285,-2.406,1.266,0.496,-0.66,0.252,0.118,-1.392,-1.43,-0.36,-0.278,-0.869,0.723,-0.932,0.571,0.063,-1.874,1.409
13,6,5,1,-0.207,0.374,-0.165,-2.104,0.815,-0.146,-0.77,0.813,-0.758,-2.058,-1.233,0.818,0.153,0.876,0.853,0.435,1.57,-0.957,-0.559,-0.583,-0.547,-1.018,1.4,0.137,1.466,-0.756,0.572,1.07,-1.259,-0.66,0.913,1.418,0.079,0.11,0.453,-0.221,-0.285,0.366,0.156,1.579,-0.139,-0.469,1.5,0.023,-2.799,0.828
14,27,7,1,0.562,0.739,1.442,-0.07,-0.914,0.401,-0.825,2.275,-0.424,0.029,-1.375,0.61,0.127,0.766,0.221,1.987,0.967,-0.027,0.391,-0.086,1.068,-0.895,1.086,0.344,0.593,-0.515,0.313,-1.492,0.341,-0.756,0.781,1.512,-0.066,1.802,0.114,0.215,0.86,-0.308,0.624,-0.949,0.237,0.504,0.621,0.258,-1.317,0.19
15,11,1,1,0.615,0.953,0.611,0.805,1.163,0.219,0.78,1.216,-0.288,-2.394,-1.565,1.454,-0.878,2.331,1.247,1.239,0.021,-0.335,-1.012,-0.036,0.932,-0.735,0.551,0.875,0.728,-0.466,0.268,-0.622,1.674,-0.401,0.459,1.02,0.099,0.752,0.678,0.858,0.066,0.532,1.067,-1.755,0.19,1.183,1.579,0.523,-2.407,0.824
16,4,7,1,0.916,0.44,1.281,0.161,0.494,-0.229,-1.706,1.42,0.004,-0.363,-0.974,2.268,-1.769,1.78,0.231,-0.181,1.682,1.331,0.069,0.293,0.471,-0.931,1.43,0.412,0.817,-0.621,0.499,0.203,1.988,-2.708,0.931,1.183,-0.411,0.739,-0.272,0.078,0.079,1.282,-0.815,-0.093,-0.006,0.685,0.465,0.163,0.104,0.698
17,27,10,1,0.901,0.501,0.747,-1.225,-1.007,-0.376,0.6,0.886,-0.55,0.112,-1.431,0.663,-0.384,1.179,0.677,0.99,0.364,0.675,1.065,-0.631,1.056,-0.76,1.939,-0.801,1.669,-1.908,2.644,1.347,1.539,-0.813,0.857,0.041,-1.302,2.131,0.174,-0.055,0.688,-0.049,-1.326,1.959,0.376,-1.559,0.578,0.294,-3.584,1.872
18,10,10,10,-0.509,0.62,-10.771,,,,,,,,,,,,,,,,,,,,,,,,,,,,,,,,,,,,,,,,,,,
19,25,3,1,-0.387,0.761,2.911,-3.083,1.005,0.034,-3.317,0.965,-0.19,-0.289,-1.385,-0.033,-1.632,0.086,0.594,0.093,2.417,1.488,1.244,0.573,1.259,-1.397,1.548,-1.404,1.728,-0.513,1.713,0.615,-0.191,0.303,-0.617,0.286,0.605,0.534,-0.315,-1.277,-0.894,0.609,0.688,0.654,0.328,0.272,-0.254,1.046,-0.722,1.247
20,6,10,1,1.194,2.788,2.225,-2.334,-0.884,-0.476,-1.825,1.374,-0.112,-0.657,-0.104,0.581,-0.188,-0.665,-0.193,2.321,0.396,0.902,-0.039,0.501,-0.508,-0.582,1.772,-0.136,0.724,-0.091,0.427,1.803,-0.505,2.238,0.463,-0.057,-1.81,1.283,-0.705,0.834,-0.056,0.402,-2.151,-0.444,0.451,0.305,0.686,-1.186,-0.588,1.289
21,4,2,1,0.086,-0.038,2.844,-0.83,0.584,-0.143,0.936,-0.16,-1.57,-0.291,-1.975,1.531,0.002,0.931,0.602,0.307,1.318,-1.001,-1.552,0.394,0.792,-0.189,1.656,-1.27,0.963,-2.473,1.221,0.075,-0.468,1.782,1.147,0.236,-0.58,0.348,-0.029,0.174,-0.595,1.198,-1.058,-0.644,-0.376,-0.229,0.664,-0.052,-0.06,1.063
22,13,5,1,-0.51,1.489,1.355,-3.142,-1.164,-0.719,-0.243,2.118,-0.658,-0.083,-0.727,1.083,-0.558,1.838,0.722,-0.598,-0.26,0.047,0.026,0.65,1.881,-1.889,0.52,-0.438,0.566,-1.953,-0.916,1.137,1.8,-0.468,-0.356,0.049,0.152,-0.374,0.565,0.661,-0.788,1.196,-0.362,1.408,0.55,-0.084,0.912,0.239,-0.39,0.204
23,24,2,1,0.537,0.127,-1.156,-1.502,-0.046,0.016,-0.12,0.973,-1.219,-0.993,-1.073,1.346,-0.494,0.665,1.815,1.491,-0.585,-0.62,-0.945,0.33,0.891,-1.546,0.279,1.833,0.35,-1.154,1.368,-0.998,-0.583,-0.609,0.328,0.109,-0.744,-1.306,0.381,0.659,-0.561,0.702,0.033,0.837,0.2,0.428,-0.076,-0.595,-0.209,0.822
24,30,4,1,-0.58,1.908,0.644,-2.277,-1.257,-0.485,-1.215,1.893,-1.581,-1.387,-1.199,1.929,0.077,0.969,1.864,-0.735,-1.264,-0.135,-0.642,-0.418,-0.191,0.079,0.7,0.707,0.467,-0.705,-0.523,1.757,0.536,1.54,1.237,1.028,-0.392,0.094,-0.091,-0.339,-0.43,-0.156,-0.64,-0.191,-0.075,-0.992,-0.875,-0.209,0.696,1.968
1,23,10,1,0.1,1.285,-0.308,-3.042,0.787,-0.621,-2.015,2.17,0.147,-1.815,-0.743,0.456,-0.9,1.6,-0.183,-0.271,2.04,0.518,-1.3,0.326,1.142,-0.783,0.134,-0.337,0.355,-1.465,-0.506,0.986,0.151,-1.186,1.326,0.781,-1.043,1.088,0.519,0.97,-0.666,1.24,0.888,0.481,1.51,-0.841,1.07,-0.687,0.348,0.811
2,2,9,1,0.169,0.699,-0.437,0.221,-1.965,-0.827,-1.032,0.729,-0.499,-0.382,-0.107,0.763,-1.078,1.771,0.803,2.484,-1.06,0.464,0.759,-0.456,0.033,-1.667,1.532,0.383,0.607,-2.126,-0.3,0.751,0.05,-1.248,2.07,1.697,0.3,1.185,0.389,-0.503,-0.245,-0.618,2.301,-1.224,0.163,-1.245,-0.014,1.077,-2.483,0.408
3,27,3,1,0.019,0.676,1.7,-0.335,-0.123,-0.91,-1.231,0.939,-2.01,-0.985,-0.871,-0.537,0.085,0.981,1.187,1.447,1.373,1.322,-1.102,0.12,0.725,-0.034,1.131,-1.348,0.497,-0.282,1.087,0.554,-0.105,-0.532,-0.222,-0.106,0.453,0.508,0.041,-0.39,-1.03,-0.208,1.113,-0.869,0.579,0.843,-0.468,-0.877,-0.119,0.211
4,18,5,1,1.051,0.883,-0.816,-1.79,1.694,-0.107,-0.092,1.331,0.15,-0.736,-0.438,1.756,-0.216,-0.125,1.137,-0.275,1.493,-1.255,-0.953,0.513,1.616,-1.023,0.593,-0.265,0.524,-0.707,1.984,0.778,1.102,-2.113,-0.057,0.646,-0.58,0.23,0.8,-0.09,-0.108,2.169,-2.129,-0.706,-0.486,3.056,0.746,1.122,-0.391,1.626
5,1,9,1,1.124,1.213,0.202,-0.474,-1.139,-0.678,-1.05,1.243,-1.42,-1.975,0.151,-0.033,0.126,1.447,0.074,1.282,0.766,-1.642,0.447,0.892,0.987,-2.429,0.473,-0.371,0.314,-1.427,2.125,1.267,0.126,-1.806,0.738,0.611,0.035,-0.728,0.12,0.593,0.89,0.214,-0.379,-0.142,0.621,-0.715,0.1,-0.682,-1.439,1.131
6,10,5,1,-0.86,0.099,0.48,-1.279,-0.928,-1.267,-0.958,1.282,-0.454,-1.096,-0.813,1.17,0.029,-1.023,0.155,0.032,0.044,0.223,-0.035,0.801,2.285,-2.083,1.141,-0.625,0.854,-2.545,0.251,0.365,-0.113,-1.374,0.254,0.269,-0.088,1.485,0.035,0.972,-1.808,-1.109,0.167,-0.147,-0.67,-1.187,0.857,0.284,0.512,-0.204
7,7,10,1,0.273,0.806,1.883,-1.088,0.634,0.562,-1.405,0.159,0.003,-2.455,-0.288,-0.46,-0.602,0.28,1.439,1.562,0.488,-0.721,-0.567,0.998,0.892,-0.365,2.029,-0.503,2.355,-0.893,1.225,0.526,1.243,-0.741,0.184,1.038,-0.907,0.339,1.242,1.005,0.413,0.892,1.526,-0.463,-0.213,0.06,1.278,0.634,-1.861,1.89
8,20,2,70,-0.878,1.174,1.3,0.255,0.302,-0.961,-2.235,1.906,-1.435,-0.22,-1.344,-0.934,0.279,0.338,0.737,2.103,1.696,-1.348,0.73,0.297,0.935,-1.433,0.508,-0.369,0.465,-0.468,1.957,0.33,0.149,-0.413,0.707,0.261,-7.297,,,,,,,,,,,,,
9,5,4,1,-1.279,-0.524,0.476,-2.287,-0.419,-0.388,-0.756,0.501,-0.99,0.338,-1.321,0.266,-0.183,0.989,-0.385,1.321,1.027,0.359,0.103,0.406,1.506,0.978,1.177,0.303,1.73,-0.914,-0.82,0.13,0.682,0.035,0.933,0.542,0.378,-0.512,0.089,0.353,-0.802,1.519,-0.809,0.043,1.14,-1.018,1.035,1.583,0.85,1.304
10,10,3,90,1.08,1.841,-0.155,-1.254,-0.76,-0.868,0.789,0.454,-1.596,-0.882,-0.608,-0.285,-0.554,0.799,0.826,0.256,1.875,1.939,0.156,0.13,0.247,-0.737,1.582,0.092,0.424,-1.902,0.998,0.225,0.23,-1.499,0.199,0.57,-1.312,1.513,0.532,-0.808,-0.22,0.5,-0.413,-1.106,1.397,-0.264,1.381,-6.238,,
11,15,10,1,0.974,0.94,1.751,-0.626,-0.622,0.012,-0.371,0.775,0.5,-1.858,-0.594,1,-0.085,0.82,0.275,2.263,-0.559,2.714,-0.046,0.139,0.547,-1.9,0.41,0.85,1.476,-1.298,0.591,-0.015,0.004,-1.751,1.267,0.484,0.068,-0.298,-0.71,-0.821,-0.571,1.516,1.043,0.248,0.292,-0.303,-0.793,0.516,-0.825,0.795
12,21,7,30,0.641,0.483,-1.193,-1.305,-1.118,-0.824,-0.192,-0.479,-0.71,-1.729,-0.908,-0.352,8.166,,,,,,,,,,,,,,,,,,,,,,,,,,,,,,,,,
