item,case,level,level_ko,desc,blind_by_design,fp_by_design,tno,unit,lsl,usl,before_shape,before_mean,before_stdev,before_quant,after_shape,after_mean,after_stdev,after_quant,th_cpk_low,th_stdev_delta_pct,th_alpha,th_cpk_high
SHAPE_BIMODAL_01_L1,SHAPE_BIMODAL,1,L1 차이 거의 없음,정규 → 쌍봉 (μ·σ 동일),1,0,1001,V,0.0,10.0,normal,5.0,1.0416666666666665,,bimodal,5.0,1.0416666666666665,,1.33,15.0,0.05,100.0
SHAPE_BIMODAL_01_L2,SHAPE_BIMODAL,2,L2 자세히 보면 다름,정규 → 쌍봉 (μ·σ 동일),1,0,1002,V,0.0,10.0,normal,5.0,1.0416666666666665,,bimodal,5.0,1.0416666666666665,,1.33,15.0,0.05,100.0
SHAPE_BIMODAL_01_L3,SHAPE_BIMODAL,3,L3 확실히 다름,정규 → 쌍봉 (μ·σ 동일),1,0,1003,V,0.0,10.0,normal,5.0,1.0416666666666665,,bimodal,5.0,1.0416666666666665,,1.33,15.0,0.05,100.0
SHAPE_BIMODAL_01_L4,SHAPE_BIMODAL,4,L4 누가 봐도 완전히 다름,정규 → 쌍봉 (μ·σ 동일),1,0,1004,V,0.0,10.0,normal,5.0,1.0416666666666665,,bimodal,5.0,1.0416666666666665,,1.33,15.0,0.05,100.0
SHAPE_BIMODAL_02_L1,SHAPE_BIMODAL,1,L1 차이 거의 없음,정규 → 쌍봉 (μ·σ 동일),1,0,1005,V,0.0,10.0,normal,5.0,1.0416666666666665,,bimodal,5.0,1.0416666666666665,,1.33,15.0,0.05,100.0
SHAPE_BIMODAL_02_L2,SHAPE_BIMODAL,2,L2 자세히 보면 다름,정규 → 쌍봉 (μ·σ 동일),1,0,1006,V,0.0,10.0,normal,5.0,1.0416666666666665,,bimodal,5.0,1.0416666666666665,,1.33,15.0,0.05,100.0
SHAPE_BIMODAL_02_L3,SHAPE_BIMODAL,3,L3 확실히 다름,정규 → 쌍봉 (μ·σ 동일),1,0,1007,V,0.0,10.0,normal,5.0,1.0416666666666665,,bimodal,5.0,1.0416666666666665,,1.33,15.0,0.05,100.0
SHAPE_BIMODAL_02_L4,SHAPE_BIMODAL,4,L4 누가 봐도 완전히 다름,정규 → 쌍봉 (μ·σ 동일),1,0,1008,V,0.0,10.0,normal,5.0,1.0416666666666665,,bimodal,5.0,1.0416666666666665,,1.33,15.0,0.05,100.0
SHAPE_BIMODAL_SKEW_01_L1,SHAPE_BIMODAL_SKEW,1,L1 차이 거의 없음,정규 → 비대칭 쌍봉(소수 모드 혼입),1,0,1009,V,0.0,10.0,normal,5.0,1.0416666666666665,,bimodal_skew,5.0,1.0416666666666665,,1.33,15.0,0.05,100.0
SHAPE_BIMODAL_SKEW_01_L2,SHAPE_BIMODAL_SKEW,2,L2 자세히 보면 다름,정규 → 비대칭 쌍봉(소수 모드 혼입),1,0,1010,V,0.0,10.0,normal,5.0,1.0416666666666665,,bimodal_skew,5.0,1.0416666666666665,,1.33,15.0,0.05,100.0
SHAPE_BIMODAL_SKEW_01_L3,SHAPE_BIMODAL_SKEW,3,L3 확실히 다름,정규 → 비대칭 쌍봉(소수 모드 혼입),1,0,1011,V,0.0,10.0,normal,5.0,1.0416666666666665,,bimodal_skew,5.0,1.0416666666666665,,1.33,15.0,0.05,100.0
SHAPE_BIMODAL_SKEW_01_L4,SHAPE_BIMODAL_SKEW,4,L4 누가 봐도 완전히 다름,정규 → 비대칭 쌍봉(소수 모드 혼입),1,0,1012,V,0.0,10.0,normal,5.0,1.0416666666666665,,bimodal_skew,5.0,1.0416666666666665,,1.33,15.0,0.05,100.0
SHAPE_BIMODAL_SKEW_02_L1,SHAPE_BIMODAL_SKEW,1,L1 차이 거의 없음,정규 → 비대칭 쌍봉(소수 모드 혼입),1,0,1013,V,0.0,10.0,normal,5.0,1.0416666666666665,,bimodal_skew,5.0,1.0416666666666665,,1.33,15.0,0.05,100.0
SHAPE_BIMODAL_SKEW_02_L2,SHAPE_BIMODAL_SKEW,2,L2 자세히 보면 다름,정규 → 비대칭 쌍봉(소수 모드 혼입),1,0,1014,V,0.0,10.0,normal,5.0,1.0416666666666665,,bimodal_skew,5.0,1.0416666666666665,,1.33,15.0,0.05,100.0
SHAPE_BIMODAL_SKEW_02_L3,SHAPE_BIMODAL_SKEW,3,L3 확실히 다름,정규 → 비대칭 쌍봉(소수 모드 혼입),1,0,1015,V,0.0,10.0,normal,5.0,1.0416666666666665,,bimodal_skew,5.0,1.0416666666666665,,1.33,15.0,0.05,100.0
SHAPE_BIMODAL_SKEW_02_L4,SHAPE_BIMODAL_SKEW,4,L4 누가 봐도 완전히 다름,정규 → 비대칭 쌍봉(소수 모드 혼입),1,0,1016,V,0.0,10.0,normal,5.0,1.0416666666666665,,bimodal_skew,5.0,1.0416666666666665,,1.33,15.0,0.05,100.0
SHAPE_TRIMODAL_01_L1,SHAPE_TRIMODAL,1,L1 차이 거의 없음,정규 → 삼봉(사이트 혼입),1,0,1017,V,0.0,10.0,normal,5.0,1.0416666666666665,,trimodal,5.0,1.0416666666666665,,1.33,15.0,0.05,100.0
SHAPE_TRIMODAL_01_L2,SHAPE_TRIMODAL,2,L2 자세히 보면 다름,정규 → 삼봉(사이트 혼입),1,0,1018,V,0.0,10.0,normal,5.0,1.0416666666666665,,trimodal,5.0,1.0416666666666665,,1.33,15.0,0.05,100.0
SHAPE_TRIMODAL_01_L3,SHAPE_TRIMODAL,3,L3 확실히 다름,정규 → 삼봉(사이트 혼입),1,0,1019,V,0.0,10.0,normal,5.0,1.0416666666666665,,trimodal,5.0,1.0416666666666665,,1.33,15.0,0.05,100.0
SHAPE_TRIMODAL_01_L4,SHAPE_TRIMODAL,4,L4 누가 봐도 완전히 다름,정규 → 삼봉(사이트 혼입),1,0,1020,V,0.0,10.0,normal,5.0,1.0416666666666665,,trimodal,5.0,1.0416666666666665,,1.33,15.0,0.05,100.0
SHAPE_TRIMODAL_02_L1,SHAPE_TRIMODAL,1,L1 차이 거의 없음,정규 → 삼봉(사이트 혼입),1,0,1021,V,0.0,10.0,normal,5.0,1.0416666666666665,,trimodal,5.0,1.0416666666666665,,1.33,15.0,0.05,100.0
SHAPE_TRIMODAL_02_L2,SHAPE_TRIMODAL,2,L2 자세히 보면 다름,정규 → 삼봉(사이트 혼입),1,0,1022,V,0.0,10.0,normal,5.0,1.0416666666666665,,trimodal,5.0,1.0416666666666665,,1.33,15.0,0.05,100.0
SHAPE_TRIMODAL_02_L3,SHAPE_TRIMODAL,3,L3 확실히 다름,정규 → 삼봉(사이트 혼입),1,0,1023,V,0.0,10.0,normal,5.0,1.0416666666666665,,trimodal,5.0,1.0416666666666665,,1.33,15.0,0.05,100.0
SHAPE_TRIMODAL_02_L4,SHAPE_TRIMODAL,4,L4 누가 봐도 완전히 다름,정규 → 삼봉(사이트 혼입),1,0,1024,V,0.0,10.0,normal,5.0,1.0416666666666665,,trimodal,5.0,1.0416666666666665,,1.33,15.0,0.05,100.0
SHAPE_TAILFLIP_01_L1,SHAPE_TAILFLIP,1,L1 차이 거의 없음,"꼬리 방향 반전 (위→아래, μ·σ 동일)",1,0,1025,V,0.0,10.0,tail_up,5.0,1.0416666666666665,,tail_down,5.0,1.0416666666666665,,1.33,15.0,0.05,100.0
SHAPE_TAILFLIP_01_L2,SHAPE_TAILFLIP,2,L2 자세히 보면 다름,"꼬리 방향 반전 (위→아래, μ·σ 동일)",1,0,1026,V,0.0,10.0,tail_up,5.0,1.0416666666666665,,tail_down,5.0,1.0416666666666665,,1.33,15.0,0.05,100.0
SHAPE_TAILFLIP_01_L3,SHAPE_TAILFLIP,3,L3 확실히 다름,"꼬리 방향 반전 (위→아래, μ·σ 동일)",1,0,1027,V,0.0,10.0,tail_up,5.0,1.0416666666666665,,tail_down,5.0,1.0416666666666665,,1.33,15.0,0.05,100.0
SHAPE_TAILFLIP_01_L4,SHAPE_TAILFLIP,4,L4 누가 봐도 완전히 다름,"꼬리 방향 반전 (위→아래, μ·σ 동일)",1,0,1028,V,0.0,10.0,tail_up,5.0,1.0416666666666665,,tail_down,5.0,1.0416666666666665,,1.33,15.0,0.05,100.0
SHAPE_TAILFLIP_02_L1,SHAPE_TAILFLIP,1,L1 차이 거의 없음,"꼬리 방향 반전 (위→아래, μ·σ 동일)",1,0,1029,V,0.0,10.0,tail_up,5.0,1.0416666666666665,,tail_down,5.0,1.0416666666666665,,1.33,15.0,0.05,100.0
SHAPE_TAILFLIP_02_L2,SHAPE_TAILFLIP,2,L2 자세히 보면 다름,"꼬리 방향 반전 (위→아래, μ·σ 동일)",1,0,1030,V,0.0,10.0,tail_up,5.0,1.0416666666666665,,tail_down,5.0,1.0416666666666665,,1.33,15.0,0.05,100.0
SHAPE_TAILFLIP_02_L3,SHAPE_TAILFLIP,3,L3 확실히 다름,"꼬리 방향 반전 (위→아래, μ·σ 동일)",1,0,1031,V,0.0,10.0,tail_up,5.0,1.0416666666666665,,tail_down,5.0,1.0416666666666665,,1.33,15.0,0.05,100.0
SHAPE_TAILFLIP_02_L4,SHAPE_TAILFLIP,4,L4 누가 봐도 완전히 다름,"꼬리 방향 반전 (위→아래, μ·σ 동일)",1,0,1032,V,0.0,10.0,tail_up,5.0,1.0416666666666665,,tail_down,5.0,1.0416666666666665,,1.33,15.0,0.05,100.0
SHAPE_TAIL_ONESIDE_01_L1,SHAPE_TAIL_ONESIDE,1,L1 차이 거의 없음,정규 → 한쪽 꼬리 (σ 는 재정규화로 동일),1,0,1033,V,0.0,10.0,normal,5.0,1.0416666666666665,,tail_up,5.0,1.0416666666666665,,1.33,15.0,0.05,100.0
SHAPE_TAIL_ONESIDE_01_L2,SHAPE_TAIL_ONESIDE,2,L2 자세히 보면 다름,정규 → 한쪽 꼬리 (σ 는 재정규화로 동일),1,0,1034,V,0.0,10.0,normal,5.0,1.0416666666666665,,tail_up,5.0,1.0416666666666665,,1.33,15.0,0.05,100.0
SHAPE_TAIL_ONESIDE_01_L3,SHAPE_TAIL_ONESIDE,3,L3 확실히 다름,정규 → 한쪽 꼬리 (σ 는 재정규화로 동일),1,0,1035,V,0.0,10.0,normal,5.0,1.0416666666666665,,tail_up,5.0,1.0416666666666665,,1.33,15.0,0.05,100.0
SHAPE_TAIL_ONESIDE_01_L4,SHAPE_TAIL_ONESIDE,4,L4 누가 봐도 완전히 다름,정규 → 한쪽 꼬리 (σ 는 재정규화로 동일),1,0,1036,V,0.0,10.0,normal,5.0,1.0416666666666665,,tail_up,5.0,1.0416666666666665,,1.33,15.0,0.05,100.0
SHAPE_TAIL_ONESIDE_02_L1,SHAPE_TAIL_ONESIDE,1,L1 차이 거의 없음,정규 → 한쪽 꼬리 (σ 는 재정규화로 동일),1,0,1037,V,0.0,10.0,normal,5.0,1.0416666666666665,,tail_up,5.0,1.0416666666666665,,1.33,15.0,0.05,100.0
SHAPE_TAIL_ONESIDE_02_L2,SHAPE_TAIL_ONESIDE,2,L2 자세히 보면 다름,정규 → 한쪽 꼬리 (σ 는 재정규화로 동일),1,0,1038,V,0.0,10.0,normal,5.0,1.0416666666666665,,tail_up,5.0,1.0416666666666665,,1.33,15.0,0.05,100.0
SHAPE_TAIL_ONESIDE_02_L3,SHAPE_TAIL_ONESIDE,3,L3 확실히 다름,정규 → 한쪽 꼬리 (σ 는 재정규화로 동일),1,0,1039,V,0.0,10.0,normal,5.0,1.0416666666666665,,tail_up,5.0,1.0416666666666665,,1.33,15.0,0.05,100.0
SHAPE_TAIL_ONESIDE_02_L4,SHAPE_TAIL_ONESIDE,4,L4 누가 봐도 완전히 다름,정규 → 한쪽 꼬리 (σ 는 재정규화로 동일),1,0,1040,V,0.0,10.0,normal,5.0,1.0416666666666665,,tail_up,5.0,1.0416666666666665,,1.33,15.0,0.05,100.0
SHAPE_TAIL_BOTH_01_L1,SHAPE_TAIL_BOTH,1,L1 차이 거의 없음,정규 → 양쪽 꼬리(몸통 수축),1,0,1041,V,0.0,10.0,normal,5.0,1.0416666666666665,,tail_both,5.0,1.0416666666666665,,1.33,15.0,0.05,100.0
SHAPE_TAIL_BOTH_01_L2,SHAPE_TAIL_BOTH,2,L2 자세히 보면 다름,정규 → 양쪽 꼬리(몸통 수축),1,0,1042,V,0.0,10.0,normal,5.0,1.0416666666666665,,tail_both,5.0,1.0416666666666665,,1.33,15.0,0.05,100.0
SHAPE_TAIL_BOTH_01_L3,SHAPE_TAIL_BOTH,3,L3 확실히 다름,정규 → 양쪽 꼬리(몸통 수축),1,0,1043,V,0.0,10.0,normal,5.0,1.0416666666666665,,tail_both,5.0,1.0416666666666665,,1.33,15.0,0.05,100.0
SHAPE_TAIL_BOTH_01_L4,SHAPE_TAIL_BOTH,4,L4 누가 봐도 완전히 다름,정규 → 양쪽 꼬리(몸통 수축),1,0,1044,V,0.0,10.0,normal,5.0,1.0416666666666665,,tail_both,5.0,1.0416666666666665,,1.33,15.0,0.05,100.0
SHAPE_UNIFORM_01_L1,SHAPE_UNIFORM,1,L1 차이 거의 없음,정규 → 균등(평평한 몸통),1,0,1045,V,0.0,10.0,normal,5.0,1.0416666666666665,,uniform,5.0,1.0416666666666665,,1.33,15.0,0.05,100.0
SHAPE_UNIFORM_01_L2,SHAPE_UNIFORM,2,L2 자세히 보면 다름,정규 → 균등(평평한 몸통),1,0,1046,V,0.0,10.0,normal,5.0,1.0416666666666665,,uniform,5.0,1.0416666666666665,,1.33,15.0,0.05,100.0
SHAPE_UNIFORM_01_L3,SHAPE_UNIFORM,3,L3 확실히 다름,정규 → 균등(평평한 몸통),1,0,1047,V,0.0,10.0,normal,5.0,1.0416666666666665,,uniform,5.0,1.0416666666666665,,1.33,15.0,0.05,100.0
SHAPE_UNIFORM_01_L4,SHAPE_UNIFORM,4,L4 누가 봐도 완전히 다름,정규 → 균등(평평한 몸통),1,0,1048,V,0.0,10.0,normal,5.0,1.0416666666666665,,uniform,5.0,1.0416666666666665,,1.33,15.0,0.05,100.0
SHAPE_UNIFORM_02_L1,SHAPE_UNIFORM,1,L1 차이 거의 없음,정규 → 균등(평평한 몸통),1,0,1049,V,0.0,10.0,normal,5.0,1.0416666666666665,,uniform,5.0,1.0416666666666665,,1.33,15.0,0.05,100.0
SHAPE_UNIFORM_02_L2,SHAPE_UNIFORM,2,L2 자세히 보면 다름,정규 → 균등(평평한 몸통),1,0,1050,V,0.0,10.0,normal,5.0,1.0416666666666665,,uniform,5.0,1.0416666666666665,,1.33,15.0,0.05,100.0
SHAPE_UNIFORM_02_L3,SHAPE_UNIFORM,3,L3 확실히 다름,정규 → 균등(평평한 몸통),1,0,1051,V,0.0,10.0,normal,5.0,1.0416666666666665,,uniform,5.0,1.0416666666666665,,1.33,15.0,0.05,100.0
SHAPE_UNIFORM_02_L4,SHAPE_UNIFORM,4,L4 누가 봐도 완전히 다름,정규 → 균등(평평한 몸통),1,0,1052,V,0.0,10.0,normal,5.0,1.0416666666666665,,uniform,5.0,1.0416666666666665,,1.33,15.0,0.05,100.0
SHAPE_PLATEAU_01_L1,SHAPE_PLATEAU,1,L1 차이 거의 없음,정규 → 중앙 함몰(U 자화),1,0,1053,V,0.0,10.0,normal,5.0,1.0416666666666665,,plateau,5.0,1.0416666666666665,,1.33,15.0,0.05,100.0
SHAPE_PLATEAU_01_L2,SHAPE_PLATEAU,2,L2 자세히 보면 다름,정규 → 중앙 함몰(U 자화),1,0,1054,V,0.0,10.0,normal,5.0,1.0416666666666665,,plateau,5.0,1.0416666666666665,,1.33,15.0,0.05,100.0
SHAPE_PLATEAU_01_L3,SHAPE_PLATEAU,3,L3 확실히 다름,정규 → 중앙 함몰(U 자화),1,0,1055,V,0.0,10.0,normal,5.0,1.0416666666666665,,plateau,5.0,1.0416666666666665,,1.33,15.0,0.05,100.0
SHAPE_PLATEAU_01_L4,SHAPE_PLATEAU,4,L4 누가 봐도 완전히 다름,정규 → 중앙 함몰(U 자화),1,0,1056,V,0.0,10.0,normal,5.0,1.0416666666666665,,plateau,5.0,1.0416666666666665,,1.33,15.0,0.05,100.0
SHAPE_SKEW_R_01_L1,SHAPE_SKEW_R,1,L1 차이 거의 없음,정규 → 우왜곡(로그정규형),1,0,1057,V,0.0,10.0,normal,5.0,1.0416666666666665,,skew_right,5.0,1.0416666666666665,,1.33,15.0,0.05,100.0
SHAPE_SKEW_R_01_L2,SHAPE_SKEW_R,2,L2 자세히 보면 다름,정규 → 우왜곡(로그정규형),1,0,1058,V,0.0,10.0,normal,5.0,1.0416666666666665,,skew_right,5.0,1.0416666666666665,,1.33,15.0,0.05,100.0
SHAPE_SKEW_R_01_L3,SHAPE_SKEW_R,3,L3 확실히 다름,정규 → 우왜곡(로그정규형),1,0,1059,V,0.0,10.0,normal,5.0,1.0416666666666665,,skew_right,5.0,1.0416666666666665,,1.33,15.0,0.05,100.0
SHAPE_SKEW_R_01_L4,SHAPE_SKEW_R,4,L4 누가 봐도 완전히 다름,정규 → 우왜곡(로그정규형),1,0,1060,V,0.0,10.0,normal,5.0,1.0416666666666665,,skew_right,5.0,1.0416666666666665,,1.33,15.0,0.05,100.0
SHAPE_SKEWFLIP_01_L1,SHAPE_SKEWFLIP,1,L1 차이 거의 없음,"왜곡 방향 반전 (우→좌, μ·σ 동일)",1,0,1061,V,0.0,10.0,skew_right,5.0,1.0416666666666665,,skew_left,5.0,1.0416666666666665,,1.33,15.0,0.05,100.0
SHAPE_SKEWFLIP_01_L2,SHAPE_SKEWFLIP,2,L2 자세히 보면 다름,"왜곡 방향 반전 (우→좌, μ·σ 동일)",1,0,1062,V,0.0,10.0,skew_right,5.0,1.0416666666666665,,skew_left,5.0,1.0416666666666665,,1.33,15.0,0.05,100.0
SHAPE_SKEWFLIP_01_L3,SHAPE_SKEWFLIP,3,L3 확실히 다름,"왜곡 방향 반전 (우→좌, μ·σ 동일)",1,0,1063,V,0.0,10.0,skew_right,5.0,1.0416666666666665,,skew_left,5.0,1.0416666666666665,,1.33,15.0,0.05,100.0
SHAPE_SKEWFLIP_01_L4,SHAPE_SKEWFLIP,4,L4 누가 봐도 완전히 다름,"왜곡 방향 반전 (우→좌, μ·σ 동일)",1,0,1064,V,0.0,10.0,skew_right,5.0,1.0416666666666665,,skew_left,5.0,1.0416666666666665,,1.33,15.0,0.05,100.0
SHAPE_OUTLIER_01_L1,SHAPE_OUTLIER,1,L1 차이 거의 없음,정규 → 이탈 무리 분리,1,0,1065,V,0.0,10.0,normal,5.0,1.0416666666666665,,outlier_cluster,5.0,1.0416666666666665,,1.33,15.0,0.05,100.0
SHAPE_OUTLIER_01_L2,SHAPE_OUTLIER,2,L2 자세히 보면 다름,정규 → 이탈 무리 분리,1,0,1066,V,0.0,10.0,normal,5.0,1.0416666666666665,,outlier_cluster,5.0,1.0416666666666665,,1.33,15.0,0.05,100.0
SHAPE_OUTLIER_01_L3,SHAPE_OUTLIER,3,L3 확실히 다름,정규 → 이탈 무리 분리,1,0,1067,V,0.0,10.0,normal,5.0,1.0416666666666665,,outlier_cluster,5.0,1.0416666666666665,,1.33,15.0,0.05,100.0
SHAPE_OUTLIER_01_L4,SHAPE_OUTLIER,4,L4 누가 봐도 완전히 다름,정규 → 이탈 무리 분리,1,0,1068,V,0.0,10.0,normal,5.0,1.0416666666666665,,outlier_cluster,5.0,1.0416666666666665,,1.33,15.0,0.05,100.0
SHAPE_OUTLIER_02_L1,SHAPE_OUTLIER,1,L1 차이 거의 없음,정규 → 이탈 무리 분리,1,0,1069,V,0.0,10.0,normal,5.0,1.0416666666666665,,outlier_cluster,5.0,1.0416666666666665,,1.33,15.0,0.05,100.0
SHAPE_OUTLIER_02_L2,SHAPE_OUTLIER,2,L2 자세히 보면 다름,정규 → 이탈 무리 분리,1,0,1070,V,0.0,10.0,normal,5.0,1.0416666666666665,,outlier_cluster,5.0,1.0416666666666665,,1.33,15.0,0.05,100.0
SHAPE_OUTLIER_02_L3,SHAPE_OUTLIER,3,L3 확실히 다름,정규 → 이탈 무리 분리,1,0,1071,V,0.0,10.0,normal,5.0,1.0416666666666665,,outlier_cluster,5.0,1.0416666666666665,,1.33,15.0,0.05,100.0
SHAPE_OUTLIER_02_L4,SHAPE_OUTLIER,4,L4 누가 봐도 완전히 다름,정규 → 이탈 무리 분리,1,0,1072,V,0.0,10.0,normal,5.0,1.0416666666666665,,outlier_cluster,5.0,1.0416666666666665,,1.33,15.0,0.05,100.0
SHAPE_SPIKE_01_L1,SHAPE_SPIKE,1,L1 차이 거의 없음,정규 → 단일값 스파이크(포화·클램프),1,0,1073,V,0.0,10.0,normal,5.0,1.0416666666666665,,spike,5.0,1.0416666666666665,,1.33,15.0,0.05,100.0
SHAPE_SPIKE_01_L2,SHAPE_SPIKE,2,L2 자세히 보면 다름,정규 → 단일값 스파이크(포화·클램프),1,0,1074,V,0.0,10.0,normal,5.0,1.0416666666666665,,spike,5.0,1.0416666666666665,,1.33,15.0,0.05,100.0
SHAPE_SPIKE_01_L3,SHAPE_SPIKE,3,L3 확실히 다름,정규 → 단일값 스파이크(포화·클램프),1,0,1075,V,0.0,10.0,normal,5.0,1.0416666666666665,,spike,5.0,1.0416666666666665,,1.33,15.0,0.05,100.0
SHAPE_SPIKE_01_L4,SHAPE_SPIKE,4,L4 누가 봐도 완전히 다름,정규 → 단일값 스파이크(포화·클램프),1,0,1076,V,0.0,10.0,normal,5.0,1.0416666666666665,,spike,5.0,1.0416666666666665,,1.33,15.0,0.05,100.0
SHAPE_SPIKE_02_L1,SHAPE_SPIKE,1,L1 차이 거의 없음,정규 → 단일값 스파이크(포화·클램프),1,0,1077,V,0.0,10.0,normal,5.0,1.0416666666666665,,spike,5.0,1.0416666666666665,,1.33,15.0,0.05,100.0
SHAPE_SPIKE_02_L2,SHAPE_SPIKE,2,L2 자세히 보면 다름,정규 → 단일값 스파이크(포화·클램프),1,0,1078,V,0.0,10.0,normal,5.0,1.0416666666666665,,spike,5.0,1.0416666666666665,,1.33,15.0,0.05,100.0
SHAPE_SPIKE_02_L3,SHAPE_SPIKE,3,L3 확실히 다름,정규 → 단일값 스파이크(포화·클램프),1,0,1079,V,0.0,10.0,normal,5.0,1.0416666666666665,,spike,5.0,1.0416666666666665,,1.33,15.0,0.05,100.0
SHAPE_SPIKE_02_L4,SHAPE_SPIKE,4,L4 누가 봐도 완전히 다름,정규 → 단일값 스파이크(포화·클램프),1,0,1080,V,0.0,10.0,normal,5.0,1.0416666666666665,,spike,5.0,1.0416666666666665,,1.33,15.0,0.05,100.0
SHAPE_TRUNC_01_L1,SHAPE_TRUNC,1,L1 차이 거의 없음,정규 → 한쪽 절단(벽 생성),1,0,1081,V,0.0,10.0,normal,5.0,1.0416666666666665,,truncated,5.0,1.0416666666666665,,1.33,15.0,0.05,100.0
SHAPE_TRUNC_01_L2,SHAPE_TRUNC,2,L2 자세히 보면 다름,정규 → 한쪽 절단(벽 생성),1,0,1082,V,0.0,10.0,normal,5.0,1.0416666666666665,,truncated,5.0,1.0416666666666665,,1.33,15.0,0.05,100.0
SHAPE_TRUNC_01_L3,SHAPE_TRUNC,3,L3 확실히 다름,정규 → 한쪽 절단(벽 생성),1,0,1083,V,0.0,10.0,normal,5.0,1.0416666666666665,,truncated,5.0,1.0416666666666665,,1.33,15.0,0.05,100.0
SHAPE_TRUNC_01_L4,SHAPE_TRUNC,4,L4 누가 봐도 완전히 다름,정규 → 한쪽 절단(벽 생성),1,0,1084,V,0.0,10.0,normal,5.0,1.0416666666666665,,truncated,5.0,1.0416666666666665,,1.33,15.0,0.05,100.0
DISC_GRAIN_01_L1,DISC_GRAIN,1,L1 차이 거의 없음,"이산 격자가 굵어짐 (해상도 저하, μ·σ 동일)",1,0,1085,V,0.0,10.0,granular,5.0,1.0416666666666665,0.26041666666666663,granular,5.0,1.0416666666666665,0.26041666666666663,1.33,15.0,0.05,100.0
DISC_GRAIN_01_L2,DISC_GRAIN,2,L2 자세히 보면 다름,"이산 격자가 굵어짐 (해상도 저하, μ·σ 동일)",1,0,1086,V,0.0,10.0,granular,5.0,1.0416666666666665,0.26041666666666663,granular,5.0,1.0416666666666665,0.5208333333333333,1.33,15.0,0.05,100.0
DISC_GRAIN_01_L3,DISC_GRAIN,3,L3 확실히 다름,"이산 격자가 굵어짐 (해상도 저하, μ·σ 동일)",1,0,1087,V,0.0,10.0,granular,5.0,1.0416666666666665,0.26041666666666663,granular,5.0,1.0416666666666665,1.0416666666666665,1.33,15.0,0.05,100.0
DISC_GRAIN_01_L4,DISC_GRAIN,4,L4 누가 봐도 완전히 다름,"이산 격자가 굵어짐 (해상도 저하, μ·σ 동일)",1,0,1088,V,0.0,10.0,granular,5.0,1.0416666666666665,0.26041666666666663,granular,5.0,1.0416666666666665,2.083333333333333,1.33,15.0,0.05,100.0
DISC_GRAIN_02_L1,DISC_GRAIN,1,L1 차이 거의 없음,"이산 격자가 굵어짐 (해상도 저하, μ·σ 동일)",1,0,1089,V,0.0,10.0,granular,5.0,1.0416666666666665,0.26041666666666663,granular,5.0,1.0416666666666665,0.26041666666666663,1.33,15.0,0.05,100.0
DISC_GRAIN_02_L2,DISC_GRAIN,2,L2 자세히 보면 다름,"이산 격자가 굵어짐 (해상도 저하, μ·σ 동일)",1,0,1090,V,0.0,10.0,granular,5.0,1.0416666666666665,0.26041666666666663,granular,5.0,1.0416666666666665,0.5208333333333333,1.33,15.0,0.05,100.0
DISC_GRAIN_02_L3,DISC_GRAIN,3,L3 확실히 다름,"이산 격자가 굵어짐 (해상도 저하, μ·σ 동일)",1,0,1091,V,0.0,10.0,granular,5.0,1.0416666666666665,0.26041666666666663,granular,5.0,1.0416666666666665,1.0416666666666665,1.33,15.0,0.05,100.0
DISC_GRAIN_02_L4,DISC_GRAIN,4,L4 누가 봐도 완전히 다름,"이산 격자가 굵어짐 (해상도 저하, μ·σ 동일)",1,0,1092,V,0.0,10.0,granular,5.0,1.0416666666666665,0.26041666666666663,granular,5.0,1.0416666666666665,2.083333333333333,1.33,15.0,0.05,100.0
DISC_TO_CONT_01_L1,DISC_TO_CONT,1,L1 차이 거의 없음,이산 → 연속 (계측 방식 변경),1,0,1093,V,0.0,10.0,normal,5.0,1.0416666666666665,0.26041666666666663,normal,5.0,1.0416666666666665,,1.33,15.0,0.05,100.0
DISC_TO_CONT_01_L2,DISC_TO_CONT,2,L2 자세히 보면 다름,이산 → 연속 (계측 방식 변경),1,0,1094,V,0.0,10.0,normal,5.0,1.0416666666666665,0.5208333333333333,normal,5.0,1.0416666666666665,,1.33,15.0,0.05,100.0
DISC_TO_CONT_01_L3,DISC_TO_CONT,3,L3 확실히 다름,이산 → 연속 (계측 방식 변경),1,0,1095,V,0.0,10.0,normal,5.0,1.0416666666666665,1.0416666666666665,normal,5.0,1.0416666666666665,,1.33,15.0,0.05,100.0
DISC_TO_CONT_01_L4,DISC_TO_CONT,4,L4 누가 봐도 완전히 다름,이산 → 연속 (계측 방식 변경),1,0,1096,V,0.0,10.0,normal,5.0,1.0416666666666665,2.083333333333333,normal,5.0,1.0416666666666665,,1.33,15.0,0.05,100.0
DISC_BIMODAL_01_L1,DISC_BIMODAL,1,L1 차이 거의 없음,이산 정규 → 이산 쌍봉,1,0,1097,V,0.0,10.0,normal,5.0,1.0416666666666665,0.5208333333333333,bimodal,5.0,1.0416666666666665,0.5208333333333333,1.33,15.0,0.05,100.0
DISC_BIMODAL_01_L2,DISC_BIMODAL,2,L2 자세히 보면 다름,이산 정규 → 이산 쌍봉,1,0,1098,V,0.0,10.0,normal,5.0,1.0416666666666665,0.5208333333333333,bimodal,5.0,1.0416666666666665,0.5208333333333333,1.33,15.0,0.05,100.0
DISC_BIMODAL_01_L3,DISC_BIMODAL,3,L3 확실히 다름,이산 정규 → 이산 쌍봉,1,0,1099,V,0.0,10.0,normal,5.0,1.0416666666666665,0.5208333333333333,bimodal,5.0,1.0416666666666665,0.5208333333333333,1.33,15.0,0.05,100.0
DISC_BIMODAL_01_L4,DISC_BIMODAL,4,L4 누가 봐도 완전히 다름,이산 정규 → 이산 쌍봉,1,0,1100,V,0.0,10.0,normal,5.0,1.0416666666666665,0.5208333333333333,bimodal,5.0,1.0416666666666665,0.5208333333333333,1.33,15.0,0.05,100.0
DISC_BIMODAL_02_L1,DISC_BIMODAL,1,L1 차이 거의 없음,이산 정규 → 이산 쌍봉,1,0,1101,V,0.0,10.0,normal,5.0,1.0416666666666665,0.5208333333333333,bimodal,5.0,1.0416666666666665,0.5208333333333333,1.33,15.0,0.05,100.0
DISC_BIMODAL_02_L2,DISC_BIMODAL,2,L2 자세히 보면 다름,이산 정규 → 이산 쌍봉,1,0,1102,V,0.0,10.0,normal,5.0,1.0416666666666665,0.5208333333333333,bimodal,5.0,1.0416666666666665,0.5208333333333333,1.33,15.0,0.05,100.0
DISC_BIMODAL_02_L3,DISC_BIMODAL,3,L3 확실히 다름,이산 정규 → 이산 쌍봉,1,0,1103,V,0.0,10.0,normal,5.0,1.0416666666666665,0.5208333333333333,bimodal,5.0,1.0416666666666665,0.5208333333333333,1.33,15.0,0.05,100.0
DISC_BIMODAL_02_L4,DISC_BIMODAL,4,L4 누가 봐도 완전히 다름,이산 정규 → 이산 쌍봉,1,0,1104,V,0.0,10.0,normal,5.0,1.0416666666666665,0.5208333333333333,bimodal,5.0,1.0416666666666665,0.5208333333333333,1.33,15.0,0.05,100.0
DISC_LEVELSHIFT_01_L1,DISC_LEVELSHIFT,1,L1 차이 거의 없음,이산값 계단 하나만큼 평행 이동,0,0,1105,V,0.0,10.0,normal,5.0,1.0416666666666665,1.0416666666666665,normal,5.520833333333333,1.0416666666666665,1.0416666666666665,1.33,15.0,0.05,100.0
DISC_LEVELSHIFT_01_L2,DISC_LEVELSHIFT,2,L2 자세히 보면 다름,이산값 계단 하나만큼 평행 이동,0,0,1106,V,0.0,10.0,normal,5.0,1.0416666666666665,1.0416666666666665,normal,6.041666666666666,1.0416666666666665,1.0416666666666665,1.33,15.0,0.05,100.0
DISC_LEVELSHIFT_01_L3,DISC_LEVELSHIFT,3,L3 확실히 다름,이산값 계단 하나만큼 평행 이동,0,0,1107,V,0.0,10.0,normal,5.0,1.0416666666666665,1.0416666666666665,normal,6.5625,1.0416666666666665,1.0416666666666665,1.33,15.0,0.05,100.0
DISC_LEVELSHIFT_01_L4,DISC_LEVELSHIFT,4,L4 누가 봐도 완전히 다름,이산값 계단 하나만큼 평행 이동,0,0,1108,V,0.0,10.0,normal,5.0,1.0416666666666665,1.0416666666666665,normal,7.083333333333333,1.0416666666666665,1.0416666666666665,1.33,15.0,0.05,100.0
DISC_SPARSE_01_L1,DISC_SPARSE,1,L1 차이 거의 없음,이산 + 한 계단에 몰림 (수준 편중),1,0,1109,V,0.0,10.0,normal,5.0,1.0416666666666665,1.5624999999999998,spike,5.0,1.0416666666666665,1.5624999999999998,1.33,15.0,0.05,100.0
DISC_SPARSE_01_L2,DISC_SPARSE,2,L2 자세히 보면 다름,이산 + 한 계단에 몰림 (수준 편중),1,0,1110,V,0.0,10.0,normal,5.0,1.0416666666666665,1.5624999999999998,spike,5.0,1.0416666666666665,1.5624999999999998,1.33,15.0,0.05,100.0
DISC_SPARSE_01_L3,DISC_SPARSE,3,L3 확실히 다름,이산 + 한 계단에 몰림 (수준 편중),1,0,1111,V,0.0,10.0,normal,5.0,1.0416666666666665,1.5624999999999998,spike,5.0,1.0416666666666665,1.5624999999999998,1.33,15.0,0.05,100.0
DISC_SPARSE_01_L4,DISC_SPARSE,4,L4 누가 봐도 완전히 다름,이산 + 한 계단에 몰림 (수준 편중),1,0,1112,V,0.0,10.0,normal,5.0,1.0416666666666665,1.5624999999999998,spike,5.0,1.0416666666666665,1.5624999999999998,1.33,15.0,0.05,100.0
POS_SEPARATE_01_L1,POS_SEPARATE,1,L1 차이 거의 없음,완전 분리 방향으로 서로 멀어짐,0,0,1113,V,0.0,10.0,normal,4.0625,0.5729166666666666,,normal,5.9375,0.5729166666666666,,1.33,15.0,0.05,100.0
POS_SEPARATE_01_L2,POS_SEPARATE,2,L2 자세히 보면 다름,완전 분리 방향으로 서로 멀어짐,0,0,1114,V,0.0,10.0,normal,3.125,0.5729166666666666,,normal,6.875,0.5729166666666666,,1.33,15.0,0.05,100.0
POS_SEPARATE_01_L3,POS_SEPARATE,3,L3 확실히 다름,완전 분리 방향으로 서로 멀어짐,0,0,1115,V,0.0,10.0,normal,2.1875000000000004,0.5729166666666666,,normal,7.8125,0.5729166666666666,,1.33,15.0,0.05,100.0
POS_SEPARATE_01_L4,POS_SEPARATE,4,L4 누가 봐도 완전히 다름,완전 분리 방향으로 서로 멀어짐,0,0,1116,V,0.0,10.0,normal,1.2500000000000004,0.5729166666666666,,normal,8.75,0.5729166666666666,,1.33,15.0,0.05,100.0
POS_SEPARATE_02_L1,POS_SEPARATE,1,L1 차이 거의 없음,완전 분리 방향으로 서로 멀어짐,0,0,1117,V,0.0,10.0,normal,4.0625,0.5729166666666666,,normal,5.9375,0.5729166666666666,,1.33,15.0,0.05,100.0
POS_SEPARATE_02_L2,POS_SEPARATE,2,L2 자세히 보면 다름,완전 분리 방향으로 서로 멀어짐,0,0,1118,V,0.0,10.0,normal,3.125,0.5729166666666666,,normal,6.875,0.5729166666666666,,1.33,15.0,0.05,100.0
POS_SEPARATE_02_L3,POS_SEPARATE,3,L3 확실히 다름,완전 분리 방향으로 서로 멀어짐,0,0,1119,V,0.0,10.0,normal,2.1875000000000004,0.5729166666666666,,normal,7.8125,0.5729166666666666,,1.33,15.0,0.05,100.0
POS_SEPARATE_02_L4,POS_SEPARATE,4,L4 누가 봐도 완전히 다름,완전 분리 방향으로 서로 멀어짐,0,0,1120,V,0.0,10.0,normal,1.2500000000000004,0.5729166666666666,,normal,8.75,0.5729166666666666,,1.33,15.0,0.05,100.0
POS_OVERLAP_SAME_01_L1,POS_OVERLAP_SAME,1,L1 차이 거의 없음,완전히 겹침 (대조군 — 차이 없음이 정답),0,0,1121,V,0.0,10.0,normal,5.0,1.0416666666666665,,normal,5.0,1.0416666666666665,,1.33,15.0,0.05,100.0
POS_OVERLAP_SAME_01_L2,POS_OVERLAP_SAME,2,L2 자세히 보면 다름,완전히 겹침 (대조군 — 차이 없음이 정답),0,0,1122,V,0.0,10.0,normal,5.0,1.0416666666666665,,normal,5.0,1.0416666666666665,,1.33,15.0,0.05,100.0
POS_OVERLAP_SAME_02_L1,POS_OVERLAP_SAME,1,L1 차이 거의 없음,완전히 겹침 (대조군 — 차이 없음이 정답),0,0,1123,V,0.0,10.0,normal,5.0,1.0416666666666665,,normal,5.0,1.0416666666666665,,1.33,15.0,0.05,100.0
POS_OVERLAP_SAME_02_L2,POS_OVERLAP_SAME,2,L2 자세히 보면 다름,완전히 겹침 (대조군 — 차이 없음이 정답),0,0,1124,V,0.0,10.0,normal,5.0,1.0416666666666665,,normal,5.0,1.0416666666666665,,1.33,15.0,0.05,100.0
POS_OVERLAP_SAME_03_L1,POS_OVERLAP_SAME,1,L1 차이 거의 없음,완전히 겹침 (대조군 — 차이 없음이 정답),0,0,1125,V,0.0,10.0,normal,5.0,1.0416666666666665,,normal,5.0,1.0416666666666665,,1.33,15.0,0.05,100.0
POS_OVERLAP_SAME_03_L2,POS_OVERLAP_SAME,2,L2 자세히 보면 다름,완전히 겹침 (대조군 — 차이 없음이 정답),0,0,1126,V,0.0,10.0,normal,5.0,1.0416666666666665,,normal,5.0,1.0416666666666665,,1.33,15.0,0.05,100.0
POS_SHIFT_SMALL_01_L1,POS_SHIFT_SMALL,1,L1 차이 거의 없음,평균만 shift (σ 동일),0,0,1127,V,0.0,10.0,normal,5.0,1.0416666666666665,,normal,5.083333333333333,1.0416666666666665,,1.33,15.0,0.05,100.0
POS_SHIFT_SMALL_01_L2,POS_SHIFT_SMALL,2,L2 자세히 보면 다름,평균만 shift (σ 동일),0,0,1128,V,0.0,10.0,normal,5.0,1.0416666666666665,,normal,5.260416666666667,1.0416666666666665,,1.33,15.0,0.05,100.0
POS_SHIFT_SMALL_01_L3,POS_SHIFT_SMALL,3,L3 확실히 다름,평균만 shift (σ 동일),0,0,1129,V,0.0,10.0,normal,5.0,1.0416666666666665,,normal,5.625,1.0416666666666665,,1.33,15.0,0.05,100.0
POS_SHIFT_SMALL_01_L4,POS_SHIFT_SMALL,4,L4 누가 봐도 완전히 다름,평균만 shift (σ 동일),0,0,1130,V,0.0,10.0,normal,5.0,1.0416666666666665,,normal,6.25,1.0416666666666665,,1.33,15.0,0.05,100.0
POS_SHIFT_SMALL_02_L1,POS_SHIFT_SMALL,1,L1 차이 거의 없음,평균만 shift (σ 동일),0,0,1131,V,0.0,10.0,normal,5.0,1.0416666666666665,,normal,5.083333333333333,1.0416666666666665,,1.33,15.0,0.05,100.0
POS_SHIFT_SMALL_02_L2,POS_SHIFT_SMALL,2,L2 자세히 보면 다름,평균만 shift (σ 동일),0,0,1132,V,0.0,10.0,normal,5.0,1.0416666666666665,,normal,5.260416666666667,1.0416666666666665,,1.33,15.0,0.05,100.0
POS_SHIFT_SMALL_02_L3,POS_SHIFT_SMALL,3,L3 확실히 다름,평균만 shift (σ 동일),0,0,1133,V,0.0,10.0,normal,5.0,1.0416666666666665,,normal,5.625,1.0416666666666665,,1.33,15.0,0.05,100.0
POS_SHIFT_SMALL_02_L4,POS_SHIFT_SMALL,4,L4 누가 봐도 완전히 다름,평균만 shift (σ 동일),0,0,1134,V,0.0,10.0,normal,5.0,1.0416666666666665,,normal,6.25,1.0416666666666665,,1.33,15.0,0.05,100.0
SD_UP_01_L1,SD_UP,1,L1 차이 거의 없음,산포만 커짐,0,0,1135,V,0.0,10.0,normal,5.0,1.0416666666666665,,normal,5.0,1.0833333333333333,,1.33,15.0,0.05,100.0
SD_UP_01_L2,SD_UP,2,L2 자세히 보면 다름,산포만 커짐,0,0,1136,V,0.0,10.0,normal,5.0,1.0416666666666665,,normal,5.0,1.208333333333333,,1.33,15.0,0.05,100.0
SD_UP_01_L3,SD_UP,3,L3 확실히 다름,산포만 커짐,0,0,1137,V,0.0,10.0,normal,5.0,1.0416666666666665,,normal,5.0,1.5104166666666663,,1.33,15.0,0.05,100.0
SD_UP_01_L4,SD_UP,4,L4 누가 봐도 완전히 다름,산포만 커짐,0,0,1138,V,0.0,10.0,normal,5.0,1.0416666666666665,,normal,5.0,2.083333333333333,,1.33,15.0,0.05,100.0
SD_UP_02_L1,SD_UP,1,L1 차이 거의 없음,산포만 커짐,0,0,1139,V,0.0,10.0,normal,5.0,1.0416666666666665,,normal,5.0,1.0833333333333333,,1.33,15.0,0.05,100.0
SD_UP_02_L2,SD_UP,2,L2 자세히 보면 다름,산포만 커짐,0,0,1140,V,0.0,10.0,normal,5.0,1.0416666666666665,,normal,5.0,1.208333333333333,,1.33,15.0,0.05,100.0
SD_UP_02_L3,SD_UP,3,L3 확실히 다름,산포만 커짐,0,0,1141,V,0.0,10.0,normal,5.0,1.0416666666666665,,normal,5.0,1.5104166666666663,,1.33,15.0,0.05,100.0
SD_UP_02_L4,SD_UP,4,L4 누가 봐도 완전히 다름,산포만 커짐,0,0,1142,V,0.0,10.0,normal,5.0,1.0416666666666665,,normal,5.0,2.083333333333333,,1.33,15.0,0.05,100.0
SD_UP_MEAN_DOWN_01_L1,SD_UP_MEAN_DOWN,1,L1 차이 거의 없음,평균 이동 + 산포 확대 동시,0,0,1143,V,0.0,10.0,normal,5.0,1.0416666666666665,,normal,4.895833333333333,1.09375,,1.33,15.0,0.05,100.0
SD_UP_MEAN_DOWN_01_L2,SD_UP_MEAN_DOWN,2,L2 자세히 보면 다름,평균 이동 + 산포 확대 동시,0,0,1144,V,0.0,10.0,normal,5.0,1.0416666666666665,,normal,4.6875,1.2291666666666665,,1.33,15.0,0.05,100.0
SD_UP_MEAN_DOWN_01_L3,SD_UP_MEAN_DOWN,3,L3 확실히 다름,평균 이동 + 산포 확대 동시,0,0,1145,V,0.0,10.0,normal,5.0,1.0416666666666665,,normal,4.270833333333334,1.5624999999999998,,1.33,15.0,0.05,100.0
SD_UP_MEAN_DOWN_01_L4,SD_UP_MEAN_DOWN,4,L4 누가 봐도 완전히 다름,평균 이동 + 산포 확대 동시,0,0,1146,V,0.0,10.0,normal,5.0,1.0416666666666665,,normal,3.75,2.1875,,1.33,15.0,0.05,100.0
MIX_TAIL_VS_BIMODAL_01_L1,MIX_TAIL_VS_BIMODAL,1,L1 차이 거의 없음,"꼬리형 → 쌍봉형 (둘 다 비정규, 방식이 다름)",1,0,1147,V,0.0,10.0,tail_up,5.0,1.0416666666666665,,bimodal,5.0,1.0416666666666665,,1.33,15.0,0.05,100.0
MIX_TAIL_VS_BIMODAL_01_L2,MIX_TAIL_VS_BIMODAL,2,L2 자세히 보면 다름,"꼬리형 → 쌍봉형 (둘 다 비정규, 방식이 다름)",1,0,1148,V,0.0,10.0,tail_up,5.0,1.0416666666666665,,bimodal,5.0,1.0416666666666665,,1.33,15.0,0.05,100.0
MIX_TAIL_VS_BIMODAL_01_L3,MIX_TAIL_VS_BIMODAL,3,L3 확실히 다름,"꼬리형 → 쌍봉형 (둘 다 비정규, 방식이 다름)",1,0,1149,V,0.0,10.0,tail_up,5.0,1.0416666666666665,,bimodal,5.0,1.0416666666666665,,1.33,15.0,0.05,100.0
MIX_TAIL_VS_BIMODAL_01_L4,MIX_TAIL_VS_BIMODAL,4,L4 누가 봐도 완전히 다름,"꼬리형 → 쌍봉형 (둘 다 비정규, 방식이 다름)",1,0,1150,V,0.0,10.0,tail_up,5.0,1.0416666666666665,,bimodal,5.0,1.0416666666666665,,1.33,15.0,0.05,100.0
MIX_TAIL_VS_BIMODAL_02_L1,MIX_TAIL_VS_BIMODAL,1,L1 차이 거의 없음,"꼬리형 → 쌍봉형 (둘 다 비정규, 방식이 다름)",1,0,1151,V,0.0,10.0,tail_up,5.0,1.0416666666666665,,bimodal,5.0,1.0416666666666665,,1.33,15.0,0.05,100.0
MIX_TAIL_VS_BIMODAL_02_L2,MIX_TAIL_VS_BIMODAL,2,L2 자세히 보면 다름,"꼬리형 → 쌍봉형 (둘 다 비정규, 방식이 다름)",1,0,1152,V,0.0,10.0,tail_up,5.0,1.0416666666666665,,bimodal,5.0,1.0416666666666665,,1.33,15.0,0.05,100.0
MIX_TAIL_VS_BIMODAL_02_L3,MIX_TAIL_VS_BIMODAL,3,L3 확실히 다름,"꼬리형 → 쌍봉형 (둘 다 비정규, 방식이 다름)",1,0,1153,V,0.0,10.0,tail_up,5.0,1.0416666666666665,,bimodal,5.0,1.0416666666666665,,1.33,15.0,0.05,100.0
MIX_TAIL_VS_BIMODAL_02_L4,MIX_TAIL_VS_BIMODAL,4,L4 누가 봐도 완전히 다름,"꼬리형 → 쌍봉형 (둘 다 비정규, 방식이 다름)",1,0,1154,V,0.0,10.0,tail_up,5.0,1.0416666666666665,,bimodal,5.0,1.0416666666666665,,1.33,15.0,0.05,100.0
MIX_UNIFORM_VS_SPIKE_01_L1,MIX_UNIFORM_VS_SPIKE,1,L1 차이 거의 없음,균등 → 스파이크 (양극단 모양),1,0,1155,V,0.0,10.0,uniform,5.0,1.0416666666666665,,spike,5.0,1.0416666666666665,,1.33,15.0,0.05,100.0
MIX_UNIFORM_VS_SPIKE_01_L2,MIX_UNIFORM_VS_SPIKE,2,L2 자세히 보면 다름,균등 → 스파이크 (양극단 모양),1,0,1156,V,0.0,10.0,uniform,5.0,1.0416666666666665,,spike,5.0,1.0416666666666665,,1.33,15.0,0.05,100.0
MIX_UNIFORM_VS_SPIKE_01_L3,MIX_UNIFORM_VS_SPIKE,3,L3 확실히 다름,균등 → 스파이크 (양극단 모양),1,0,1157,V,0.0,10.0,uniform,5.0,1.0416666666666665,,spike,5.0,1.0416666666666665,,1.33,15.0,0.05,100.0
MIX_UNIFORM_VS_SPIKE_01_L4,MIX_UNIFORM_VS_SPIKE,4,L4 누가 봐도 완전히 다름,균등 → 스파이크 (양극단 모양),1,0,1158,V,0.0,10.0,uniform,5.0,1.0416666666666665,,spike,5.0,1.0416666666666665,,1.33,15.0,0.05,100.0
MIX_OUTLIER_VS_TAIL_01_L1,MIX_OUTLIER_VS_TAIL,1,L1 차이 거의 없음,"이탈 무리 → 연속 꼬리 (같은 σ, 다른 위험)",1,0,1159,V,0.0,10.0,outlier_cluster,5.0,1.0416666666666665,,tail_up,5.0,1.0416666666666665,,1.33,15.0,0.05,100.0
MIX_OUTLIER_VS_TAIL_01_L2,MIX_OUTLIER_VS_TAIL,2,L2 자세히 보면 다름,"이탈 무리 → 연속 꼬리 (같은 σ, 다른 위험)",1,0,1160,V,0.0,10.0,outlier_cluster,5.0,1.0416666666666665,,tail_up,5.0,1.0416666666666665,,1.33,15.0,0.05,100.0
MIX_OUTLIER_VS_TAIL_01_L3,MIX_OUTLIER_VS_TAIL,3,L3 확실히 다름,"이탈 무리 → 연속 꼬리 (같은 σ, 다른 위험)",1,0,1161,V,0.0,10.0,outlier_cluster,5.0,1.0416666666666665,,tail_up,5.0,1.0416666666666665,,1.33,15.0,0.05,100.0
MIX_OUTLIER_VS_TAIL_01_L4,MIX_OUTLIER_VS_TAIL,4,L4 누가 봐도 완전히 다름,"이탈 무리 → 연속 꼬리 (같은 σ, 다른 위험)",1,0,1162,V,0.0,10.0,outlier_cluster,5.0,1.0416666666666665,,tail_up,5.0,1.0416666666666665,,1.33,15.0,0.05,100.0
CPK_LOW_01_L1,CPK_LOW,1,L1 차이 거의 없음,평균 이동으로 Cpk 하락,0,0,1163,V,0.0,10.0,normal,5.0,1.0416666666666665,,normal,5.312500000000001,1.0416666666666665,,1.33,15.0,0.05,100.0
CPK_LOW_01_L2,CPK_LOW,2,L2 자세히 보면 다름,평균 이동으로 Cpk 하락,0,0,1164,V,0.0,10.0,normal,5.0,1.0416666666666665,,normal,5.78125,1.0416666666666665,,1.33,15.0,0.05,100.0
CPK_LOW_01_L3,CPK_LOW,3,L3 확실히 다름,평균 이동으로 Cpk 하락,0,0,1165,V,0.0,10.0,normal,5.0,1.0416666666666665,,normal,6.5625,1.0416666666666665,,1.33,15.0,0.05,100.0
CPK_LOW_01_L4,CPK_LOW,4,L4 누가 봐도 완전히 다름,평균 이동으로 Cpk 하락,0,0,1166,V,0.0,10.0,normal,5.0,1.0416666666666665,,normal,7.8125,1.0416666666666665,,1.33,15.0,0.05,100.0
FP_LOWCPK_NOCHANGE_01_L1,FP_LOWCPK_NOCHANGE,1,L1 차이 거의 없음,[과검출] 원래 Cpk 낮음 + 변화 없음 (유의성 게이트 부재),0,1,1167,V,0.0,10.0,normal,6.5625,1.0416666666666665,,normal,6.583333333333333,1.0416666666666665,,1.33,15.0,0.05,100.0
FP_LOWCPK_NOCHANGE_01_L2,FP_LOWCPK_NOCHANGE,2,L2 자세히 보면 다름,[과검출] 원래 Cpk 낮음 + 변화 없음 (유의성 게이트 부재),0,1,1168,V,0.0,10.0,normal,6.5625,1.0416666666666665,,normal,6.604166666666667,1.0416666666666665,,1.33,15.0,0.05,100.0
FP_LOWCPK_NOCHANGE_02_L1,FP_LOWCPK_NOCHANGE,1,L1 차이 거의 없음,[과검출] 원래 Cpk 낮음 + 변화 없음 (유의성 게이트 부재),0,1,1169,V,0.0,10.0,normal,6.5625,1.0416666666666665,,normal,6.583333333333333,1.0416666666666665,,1.33,15.0,0.05,100.0
FP_LOWCPK_NOCHANGE_02_L2,FP_LOWCPK_NOCHANGE,2,L2 자세히 보면 다름,[과검출] 원래 Cpk 낮음 + 변화 없음 (유의성 게이트 부재),0,1,1170,V,0.0,10.0,normal,6.5625,1.0416666666666665,,normal,6.604166666666667,1.0416666666666665,,1.33,15.0,0.05,100.0
FP_LOWCPK_NOCHANGE_03_L1,FP_LOWCPK_NOCHANGE,1,L1 차이 거의 없음,[과검출] 원래 Cpk 낮음 + 변화 없음 (유의성 게이트 부재),0,1,1171,V,0.0,10.0,normal,6.5625,1.0416666666666665,,normal,6.583333333333333,1.0416666666666665,,1.33,15.0,0.05,100.0
FP_LOWCPK_NOCHANGE_03_L2,FP_LOWCPK_NOCHANGE,2,L2 자세히 보면 다름,[과검출] 원래 Cpk 낮음 + 변화 없음 (유의성 게이트 부재),0,1,1172,V,0.0,10.0,normal,6.5625,1.0416666666666665,,normal,6.604166666666667,1.0416666666666665,,1.33,15.0,0.05,100.0
FP_LOWCPK_IMPROVED_01_L1,FP_LOWCPK_IMPROVED,1,L1 차이 거의 없음,[과검출] 나빴다가 개선됐는데 아직 Cpk<1.33 이라 검출,0,1,1173,V,0.0,10.0,normal,7.65625,1.0416666666666665,,normal,7.1875,1.0416666666666665,,1.33,15.0,0.05,100.0
FP_LOWCPK_IMPROVED_01_L2,FP_LOWCPK_IMPROVED,2,L2 자세히 보면 다름,[과검출] 나빴다가 개선됐는데 아직 Cpk<1.33 이라 검출,0,1,1174,V,0.0,10.0,normal,7.65625,1.0416666666666665,,normal,6.71875,1.0416666666666665,,1.33,15.0,0.05,100.0
FP_LOWCPK_IMPROVED_02_L1,FP_LOWCPK_IMPROVED,1,L1 차이 거의 없음,[과검출] 나빴다가 개선됐는데 아직 Cpk<1.33 이라 검출,0,1,1175,V,0.0,10.0,normal,7.65625,1.0416666666666665,,normal,7.1875,1.0416666666666665,,1.33,15.0,0.05,100.0
FP_LOWCPK_IMPROVED_02_L2,FP_LOWCPK_IMPROVED,2,L2 자세히 보면 다름,[과검출] 나빴다가 개선됐는데 아직 Cpk<1.33 이라 검출,0,1,1176,V,0.0,10.0,normal,7.65625,1.0416666666666665,,normal,6.71875,1.0416666666666665,,1.33,15.0,0.05,100.0
FP_LOWCPK_IMPROVED_03_L1,FP_LOWCPK_IMPROVED,1,L1 차이 거의 없음,[과검출] 나빴다가 개선됐는데 아직 Cpk<1.33 이라 검출,0,1,1177,V,0.0,10.0,normal,7.65625,1.0416666666666665,,normal,7.1875,1.0416666666666665,,1.33,15.0,0.05,100.0
FP_LOWCPK_IMPROVED_03_L2,FP_LOWCPK_IMPROVED,2,L2 자세히 보면 다름,[과검출] 나빴다가 개선됐는데 아직 Cpk<1.33 이라 검출,0,1,1178,V,0.0,10.0,normal,7.65625,1.0416666666666665,,normal,6.71875,1.0416666666666665,,1.33,15.0,0.05,100.0
FP_SD_IMPROVED_01_L1,FP_SD_IMPROVED,1,L1 차이 거의 없음,[과검출] 산포가 줄어 개선됐는데 |Δσ%| 절대값이라 검출,0,1,1179,V,0.0,10.0,normal,5.0,1.0416666666666665,,normal,5.0,0.8645833333333331,,1.33,15.0,0.05,100.0
FP_SD_IMPROVED_01_L2,FP_SD_IMPROVED,2,L2 자세히 보면 다름,[과검출] 산포가 줄어 개선됐는데 |Δσ%| 절대값이라 검출,0,1,1180,V,0.0,10.0,normal,5.0,1.0416666666666665,,normal,5.0,0.8124999999999999,,1.33,15.0,0.05,100.0
FP_SD_IMPROVED_02_L1,FP_SD_IMPROVED,1,L1 차이 거의 없음,[과검출] 산포가 줄어 개선됐는데 |Δσ%| 절대값이라 검출,0,1,1181,V,0.0,10.0,normal,5.0,1.0416666666666665,,normal,5.0,0.8645833333333331,,1.33,15.0,0.05,100.0
FP_SD_IMPROVED_02_L2,FP_SD_IMPROVED,2,L2 자세히 보면 다름,[과검출] 산포가 줄어 개선됐는데 |Δσ%| 절대값이라 검출,0,1,1182,V,0.0,10.0,normal,5.0,1.0416666666666665,,normal,5.0,0.8124999999999999,,1.33,15.0,0.05,100.0
FP_SD_IMPROVED_03_L1,FP_SD_IMPROVED,1,L1 차이 거의 없음,[과검출] 산포가 줄어 개선됐는데 |Δσ%| 절대값이라 검출,0,1,1183,V,0.0,10.0,normal,5.0,1.0416666666666665,,normal,5.0,0.8645833333333331,,1.33,15.0,0.05,100.0
FP_SD_IMPROVED_03_L2,FP_SD_IMPROVED,2,L2 자세히 보면 다름,[과검출] 산포가 줄어 개선됐는데 |Δσ%| 절대값이라 검출,0,1,1184,V,0.0,10.0,normal,5.0,1.0416666666666665,,normal,5.0,0.8124999999999999,,1.33,15.0,0.05,100.0
FP_TINY_SIGMA_01_L1,FP_TINY_SIGMA,1,L1 차이 거의 없음,[과검출] σ 가 아주 작아 절대 변화는 무의미한데 비율만 큼,0,1,1185,V,0.0,10.0,normal,5.0,0.08,,normal,5.0,0.096,,1.33,15.0,0.05,100.0
FP_TINY_SIGMA_01_L2,FP_TINY_SIGMA,2,L2 자세히 보면 다름,[과검출] σ 가 아주 작아 절대 변화는 무의미한데 비율만 큼,0,1,1186,V,0.0,10.0,normal,5.0,0.08,,normal,5.0,0.10400000000000001,,1.33,15.0,0.05,100.0
FP_TINY_SIGMA_02_L1,FP_TINY_SIGMA,1,L1 차이 거의 없음,[과검출] σ 가 아주 작아 절대 변화는 무의미한데 비율만 큼,0,1,1187,V,0.0,10.0,normal,5.0,0.08,,normal,5.0,0.096,,1.33,15.0,0.05,100.0
FP_TINY_SIGMA_02_L2,FP_TINY_SIGMA,2,L2 자세히 보면 다름,[과검출] σ 가 아주 작아 절대 변화는 무의미한데 비율만 큼,0,1,1188,V,0.0,10.0,normal,5.0,0.08,,normal,5.0,0.10400000000000001,,1.33,15.0,0.05,100.0
FP_TINY_SIGMA_03_L1,FP_TINY_SIGMA,1,L1 차이 거의 없음,[과검출] σ 가 아주 작아 절대 변화는 무의미한데 비율만 큼,0,1,1189,V,0.0,10.0,normal,5.0,0.08,,normal,5.0,0.096,,1.33,15.0,0.05,100.0
FP_TINY_SIGMA_03_L2,FP_TINY_SIGMA,2,L2 자세히 보면 다름,[과검출] σ 가 아주 작아 절대 변화는 무의미한데 비율만 큼,0,1,1190,V,0.0,10.0,normal,5.0,0.08,,normal,5.0,0.10400000000000001,,1.33,15.0,0.05,100.0
FP_DISCRETE_JITTER_01_L1,FP_DISCRETE_JITTER,1,L1 차이 거의 없음,[과검출] 이산 경계 die 이동만으로 σ 비율이 흔들림,0,1,1191,V,0.0,10.0,normal,5.0,0.43749999999999994,1.6666666666666665,normal,5.354166666666667,0.43749999999999994,1.6666666666666665,1.33,15.0,0.05,100.0
FP_DISCRETE_JITTER_01_L2,FP_DISCRETE_JITTER,2,L2 자세히 보면 다름,[과검출] 이산 경계 die 이동만으로 σ 비율이 흔들림,0,1,1192,V,0.0,10.0,normal,5.0,0.43749999999999994,1.6666666666666665,normal,5.708333333333333,0.43749999999999994,1.6666666666666665,1.33,15.0,0.05,100.0
FP_DISCRETE_JITTER_02_L1,FP_DISCRETE_JITTER,1,L1 차이 거의 없음,[과검출] 이산 경계 die 이동만으로 σ 비율이 흔들림,0,1,1193,V,0.0,10.0,normal,5.0,0.43749999999999994,1.6666666666666665,normal,5.354166666666667,0.43749999999999994,1.6666666666666665,1.33,15.0,0.05,100.0
FP_DISCRETE_JITTER_02_L2,FP_DISCRETE_JITTER,2,L2 자세히 보면 다름,[과검출] 이산 경계 die 이동만으로 σ 비율이 흔들림,0,1,1194,V,0.0,10.0,normal,5.0,0.43749999999999994,1.6666666666666665,normal,5.708333333333333,0.43749999999999994,1.6666666666666665,1.33,15.0,0.05,100.0
FP_DISCRETE_JITTER_03_L1,FP_DISCRETE_JITTER,1,L1 차이 거의 없음,[과검출] 이산 경계 die 이동만으로 σ 비율이 흔들림,0,1,1195,V,0.0,10.0,normal,5.0,0.43749999999999994,1.6666666666666665,normal,5.354166666666667,0.43749999999999994,1.6666666666666665,1.33,15.0,0.05,100.0
FP_DISCRETE_JITTER_03_L2,FP_DISCRETE_JITTER,2,L2 자세히 보면 다름,[과검출] 이산 경계 die 이동만으로 σ 비율이 흔들림,0,1,1196,V,0.0,10.0,normal,5.0,0.43749999999999994,1.6666666666666665,normal,5.708333333333333,0.43749999999999994,1.6666666666666665,1.33,15.0,0.05,100.0
FP_OUTLIER_FEW_01_L1,FP_OUTLIER_FEW,1,L1 차이 거의 없음,[과검출] die 약 2% 이탈만으로 σ 급등 (본체는 동일),0,1,1197,V,0.0,10.0,normal,5.0,1.0416666666666665,,outlier_far,5.0,1.0416666666666665,,1.33,15.0,0.05,100.0
FP_OUTLIER_FEW_01_L2,FP_OUTLIER_FEW,2,L2 자세히 보면 다름,[과검출] die 약 2% 이탈만으로 σ 급등 (본체는 동일),0,1,1198,V,0.0,10.0,normal,5.0,1.0416666666666665,,outlier_far,5.0,1.0416666666666665,,1.33,15.0,0.05,100.0
FP_OUTLIER_FEW_02_L1,FP_OUTLIER_FEW,1,L1 차이 거의 없음,[과검출] die 약 2% 이탈만으로 σ 급등 (본체는 동일),0,1,1199,V,0.0,10.0,normal,5.0,1.0416666666666665,,outlier_far,5.0,1.0416666666666665,,1.33,15.0,0.05,100.0
FP_OUTLIER_FEW_02_L2,FP_OUTLIER_FEW,2,L2 자세히 보면 다름,[과검출] die 약 2% 이탈만으로 σ 급등 (본체는 동일),0,1,1200,V,0.0,10.0,normal,5.0,1.0416666666666665,,outlier_far,5.0,1.0416666666666665,,1.33,15.0,0.05,100.0
FP_OUTLIER_FEW_03_L1,FP_OUTLIER_FEW,1,L1 차이 거의 없음,[과검출] die 약 2% 이탈만으로 σ 급등 (본체는 동일),0,1,1201,V,0.0,10.0,normal,5.0,1.0416666666666665,,outlier_far,5.0,1.0416666666666665,,1.33,15.0,0.05,100.0
FP_OUTLIER_FEW_03_L2,FP_OUTLIER_FEW,2,L2 자세히 보면 다름,[과검출] die 약 2% 이탈만으로 σ 급등 (본체는 동일),0,1,1202,V,0.0,10.0,normal,5.0,1.0416666666666665,,outlier_far,5.0,1.0416666666666665,,1.33,15.0,0.05,100.0
