item,case,level,level_ko,desc,blind_by_design,fp_by_design,current_focus,blind_spot,over_detect,cpk_ratio_pct,stdev_delta_pct,ks_d,meanshift_sigma,median_shift,iqr_delta_pct,p_mean,p_stdev,before_avg,before_stdev,before_cpk,after_avg,after_stdev,after_cpk
SHAPE_BIMODAL_01_L1,SHAPE_BIMODAL,1,L1 차이 거의 없음,정규 → 쌍봉 (μ·σ 동일),1,0,0,0,0,100.0,-0.0,0.0248,0.0,0.0032,1.849701,1.0,0.891175,5.0,1.0416666792737408,1.6,5.0,1.0416666751388,1.6
SHAPE_BIMODAL_01_L2,SHAPE_BIMODAL,2,L2 자세히 보면 다름,정규 → 쌍봉 (μ·σ 동일),1,0,0,0,0,100.0,-0.0,0.0387,0.0,0.0149,11.949141,1.0,0.265294,5.0,1.0416666708642381,1.6,5.0,1.041666668107948,1.6
SHAPE_BIMODAL_01_L3,SHAPE_BIMODAL,3,L3 확실히 다름,정규 → 쌍봉 (μ·σ 동일),1,0,0,1,0,100.0,2e-06,0.1427,0.0,0.0477,36.067188,1.0,0.0,5.0,1.0416666499226013,1.6,5.0,1.0416666659791949,1.6
SHAPE_BIMODAL_01_L4,SHAPE_BIMODAL,4,L4 누가 봐도 완전히 다름,정규 → 쌍봉 (μ·σ 동일),1,0,0,1,0,100.0,-1e-06,0.2577,0.0,0.3323,45.063385,1.0,0.0,5.0,1.0416666743595033,1.6,5.0,1.041666662949018,1.6
SHAPE_BIMODAL_02_L1,SHAPE_BIMODAL,1,L1 차이 거의 없음,정규 → 쌍봉 (μ·σ 동일),1,0,0,0,0,100.0,2e-06,0.0357,0.0,0.0344,-7.86264,1.0,0.504951,5.0,1.0416666535299548,1.6,5.0,1.0416666789075695,1.6
SHAPE_BIMODAL_02_L2,SHAPE_BIMODAL,2,L2 자세히 보면 다름,정규 → 쌍봉 (μ·σ 동일),1,0,0,0,0,100.0,-0.0,0.0297,0.0,0.0122,4.339285,1.0,0.501922,5.0,1.0416666626058562,1.6,5.0,1.0416666602074076,1.6
SHAPE_BIMODAL_02_L3,SHAPE_BIMODAL,3,L3 확실히 다름,정규 → 쌍봉 (μ·σ 동일),1,0,0,1,0,100.0,-0.0,0.1467,0.0,0.0239,38.695792,1.0,0.0,5.0,1.0416666611059675,1.6,5.0,1.041666659423889,1.6
SHAPE_BIMODAL_02_L4,SHAPE_BIMODAL,4,L4 누가 봐도 완전히 다름,정규 → 쌍봉 (μ·σ 동일),1,0,0,1,0,100.0,-1e-06,0.2428,0.0,0.3169,42.129256,1.0,0.0,5.0,1.0416666762198754,1.6,5.0,1.0416666652385487,1.6
SHAPE_BIMODAL_SKEW_01_L1,SHAPE_BIMODAL_SKEW,1,L1 차이 거의 없음,정규 → 비대칭 쌍봉(소수 모드 혼입),1,0,0,0,0,100.0,-1e-06,0.0268,0.0,0.0114,-3.600372,1.0,0.629292,5.0,1.0416666802367087,1.6,5.0,1.0416666704716209,1.6
SHAPE_BIMODAL_SKEW_01_L2,SHAPE_BIMODAL_SKEW,2,L2 자세히 보면 다름,정규 → 비대칭 쌍봉(소수 모드 혼입),1,0,0,0,0,100.0,-1e-06,0.0287,0.0,0.0034,8.089165,1.0,0.683503,5.0,1.0416666813471656,1.6,5.0,1.04166667230631,1.6
SHAPE_BIMODAL_SKEW_01_L3,SHAPE_BIMODAL_SKEW,3,L3 확실히 다름,정규 → 비대칭 쌍봉(소수 모드 혼입),1,0,0,1,0,100.0,-2e-06,0.0565,0.0,0.005,12.140159,1.0,0.271266,5.0,1.041666679115969,1.6,5.0,1.041666656242599,1.6
SHAPE_BIMODAL_SKEW_01_L4,SHAPE_BIMODAL_SKEW,4,L4 누가 봐도 완전히 다름,정규 → 비대칭 쌍봉(소수 모드 혼입),1,0,0,1,0,100.0,-1e-06,0.0971,0.0,0.0921,28.476738,1.0,0.054834,5.0,1.041666682516626,1.6,5.0,1.0416666676342137,1.6
SHAPE_BIMODAL_SKEW_02_L1,SHAPE_BIMODAL_SKEW,1,L1 차이 거의 없음,정규 → 비대칭 쌍봉(소수 모드 혼입),1,0,0,0,0,100.0,2e-06,0.0357,0.0,0.015,2.406287,1.0,0.606992,5.0,1.041666655470078,1.6,5.0,1.0416666721560253,1.6
SHAPE_BIMODAL_SKEW_02_L2,SHAPE_BIMODAL_SKEW,2,L2 자세히 보면 다름,정규 → 비대칭 쌍봉(소수 모드 혼입),1,0,0,0,0,100.0,1e-06,0.0317,0.0,0.0111,-1.092623,1.0,0.94925,5.0,1.041666662361905,1.6,5.0,1.0416666691666232,1.6
SHAPE_BIMODAL_SKEW_02_L3,SHAPE_BIMODAL_SKEW,3,L3 확실히 다름,정규 → 비대칭 쌍봉(소수 모드 혼입),1,0,0,1,0,100.0,-2e-06,0.0515,0.0,0.0445,10.797146,1.0,0.368375,5.0,1.041666683981753,1.6,5.0,1.041666661579733,1.6
SHAPE_BIMODAL_SKEW_02_L4,SHAPE_BIMODAL_SKEW,4,L4 누가 봐도 완전히 다름,정규 → 비대칭 쌍봉(소수 모드 혼입),1,0,0,1,0,100.0,-0.0,0.107,0.0,0.0922,35.084867,1.0,0.049146,5.0,1.0416666719196024,1.6,5.0,1.0416666689373006,1.6
SHAPE_TRIMODAL_01_L1,SHAPE_TRIMODAL,1,L1 차이 거의 없음,정규 → 삼봉(사이트 혼입),1,0,0,0,0,100.0,1e-06,0.0258,0.0,0.0396,-0.730851,1.0,0.974642,5.0,1.0416666717323966,1.6,5.0,1.0416666781151818,1.6
SHAPE_TRIMODAL_01_L2,SHAPE_TRIMODAL,2,L2 자세히 보면 다름,정규 → 삼봉(사이트 혼입),1,0,0,0,0,100.0,-0.0,0.0337,0.0,0.0047,8.680623,1.0,0.352607,5.0,1.0416666696109746,1.6,5.0,1.0416666677688475,1.6
SHAPE_TRIMODAL_01_L3,SHAPE_TRIMODAL,3,L3 확실히 다름,정규 → 삼봉(사이트 혼입),1,0,0,1,0,100.0,1e-06,0.0624,0.0,0.0508,27.624001,1.0,0.081638,5.0,1.0416666500865719,1.6,5.0,1.0416666573905238,1.6
SHAPE_TRIMODAL_01_L4,SHAPE_TRIMODAL,4,L4 누가 봐도 완전히 다름,정규 → 삼봉(사이트 혼입),1,0,0,1,0,100.0,-0.0,0.1665,0.0,0.0097,63.657927,1.0,0.050911,5.0,1.0416666668351475,1.6,5.0,1.0416666658307068,1.6
SHAPE_TRIMODAL_02_L1,SHAPE_TRIMODAL,1,L1 차이 거의 없음,정규 → 삼봉(사이트 혼입),1,0,0,0,0,100.0,2e-06,0.0357,0.0,0.0006,-0.45502,1.0,0.815187,5.0,1.0416666610214405,1.6,5.0,1.041666676826188,1.6
SHAPE_TRIMODAL_02_L2,SHAPE_TRIMODAL,2,L2 자세히 보면 다름,정규 → 삼봉(사이트 혼입),1,0,0,0,0,100.0,2e-06,0.0377,0.0,0.0591,6.433086,1.0,0.517466,5.0,1.0416666498496885,1.6,5.0,1.0416666704764428,1.6
SHAPE_TRIMODAL_02_L3,SHAPE_TRIMODAL,3,L3 확실히 다름,정규 → 삼봉(사이트 혼입),1,0,0,1,0,100.0,0.0,0.0763,0.0,0.0072,32.400701,1.0,0.015442,5.0,1.0416666714056306,1.6,5.0,1.0416666757217252,1.6
SHAPE_TRIMODAL_02_L4,SHAPE_TRIMODAL,4,L4 누가 봐도 완전히 다름,정규 → 삼봉(사이트 혼입),1,0,0,1,0,100.0,-1e-06,0.1596,0.0,0.0068,58.824118,1.0,0.093082,5.0,1.0416666723352923,1.6,5.0,1.0416666660829386,1.6
SHAPE_TAILFLIP_01_L1,SHAPE_TAILFLIP,1,L1 차이 거의 없음,"꼬리 방향 반전 (위→아래, μ·σ 동일)",1,0,0,0,0,100.0,1e-06,0.0278,0.0,0.0122,2.320289,1.0,0.893549,5.0,1.0416666604664284,1.6,5.0,1.0416666723977062,1.6
SHAPE_TAILFLIP_01_L2,SHAPE_TAILFLIP,2,L2 자세히 보면 다름,"꼬리 방향 반전 (위→아래, μ·σ 동일)",1,0,0,0,0,100.0,-1e-06,0.0416,0.0,0.0477,4.095168,1.0,0.966153,5.0,1.0416666738050941,1.6,5.0,1.041666659465304,1.6
SHAPE_TAILFLIP_01_L3,SHAPE_TAILFLIP,3,L3 확실히 다름,"꼬리 방향 반전 (위→아래, μ·σ 동일)",1,0,0,1,0,99.88,0.103957,0.0862,0.0002,0.1304,-2.904516,0.996558,0.909368,4.9998,1.0405849040451693,1.602,5.0,1.04166666254946,1.6
SHAPE_TAILFLIP_01_L4,SHAPE_TAILFLIP,4,L4 누가 봐도 완전히 다름,"꼬리 방향 반전 (위→아래, μ·σ 동일)",1,0,0,1,0,100.0,1e-06,0.1972,0.0,0.3356,-3.532157,1.0,0.911012,5.0,1.0416666582660794,1.6,5.0,1.0416666635700405,1.6
SHAPE_TAILFLIP_02_L1,SHAPE_TAILFLIP,1,L1 차이 거의 없음,"꼬리 방향 반전 (위→아래, μ·σ 동일)",1,0,0,0,0,100.0,1e-06,0.0278,0.0,0.0361,0.999734,1.0,0.781166,5.0,1.041666664426788,1.6,5.0,1.0416666698959542,1.6
SHAPE_TAILFLIP_02_L2,SHAPE_TAILFLIP,2,L2 자세히 보면 다름,"꼬리 방향 반전 (위→아래, μ·σ 동일)",1,0,0,0,0,100.0,1e-06,0.0416,0.0,0.0493,1.037098,1.0,0.665964,5.0,1.0416666609055958,1.6,5.0,1.0416666726071586,1.6
SHAPE_TAILFLIP_02_L3,SHAPE_TAILFLIP,3,L3 확실히 다름,"꼬리 방향 반전 (위→아래, μ·σ 동일)",1,0,0,1,0,100.0,-0.0,0.0773,0.0,0.1417,0.235854,1.0,0.818999,5.0,1.041666659043433,1.6,5.0,1.0416666582297667,1.6
SHAPE_TAILFLIP_02_L4,SHAPE_TAILFLIP,4,L4 누가 봐도 완전히 다름,"꼬리 방향 반전 (위→아래, μ·σ 동일)",1,0,0,1,0,100.0,0.0,0.1943,0.0,0.3884,-3.937249,1.0,0.83693,5.0,1.0416666657355675,1.6,5.0,1.0416666701942803,1.6
SHAPE_TAIL_ONESIDE_01_L1,SHAPE_TAIL_ONESIDE,1,L1 차이 거의 없음,정규 → 한쪽 꼬리 (σ 는 재정규화로 동일),1,0,0,0,0,100.0,2e-06,0.0149,0.0,0.0034,-2.37243,1.0,0.993388,5.0,1.041666659116727,1.6,5.0,1.0416666754491237,1.6
SHAPE_TAIL_ONESIDE_01_L2,SHAPE_TAIL_ONESIDE,2,L2 자세히 보면 다름,정규 → 한쪽 꼬리 (σ 는 재정규화로 동일),1,0,0,0,0,100.0,0.0,0.0198,0.0,0.0183,3.243972,1.0,0.989915,5.0,1.0416666501711755,1.6,5.0,1.0416666530489946,1.6
SHAPE_TAIL_ONESIDE_01_L3,SHAPE_TAIL_ONESIDE,3,L3 확실히 다름,정규 → 한쪽 꼬리 (σ 는 재정규화로 동일),1,0,0,1,0,100.0,-0.0,0.0565,0.0,0.0606,-9.981541,1.0,0.19546,5.0,1.0416666789986408,1.6,5.0,1.0416666781683441,1.6
SHAPE_TAIL_ONESIDE_01_L4,SHAPE_TAIL_ONESIDE,4,L4 누가 봐도 완전히 다름,정규 → 한쪽 꼬리 (σ 는 재정규화로 동일),1,0,0,1,0,100.0,-1e-06,0.1358,0.0,0.1315,-26.268746,1.0,0.005716,5.0,1.0416666716422185,1.6,5.0,1.0416666571528777,1.6
SHAPE_TAIL_ONESIDE_02_L1,SHAPE_TAIL_ONESIDE,1,L1 차이 거의 없음,정규 → 한쪽 꼬리 (σ 는 재정규화로 동일),1,0,0,0,0,100.0,0.0,0.0426,0.0,0.0582,-2.823325,1.0,0.754629,5.0,1.041666674337962,1.6,5.0,1.0416666792717895,1.6
SHAPE_TAIL_ONESIDE_02_L2,SHAPE_TAIL_ONESIDE,2,L2 자세히 보면 다름,정규 → 한쪽 꼬리 (σ 는 재정규화로 동일),1,0,0,0,0,100.0,0.0,0.0287,0.0,0.0162,-5.664027,1.0,0.638024,5.0,1.041666660055708,1.6,5.0,1.041666660282537,1.6
SHAPE_TAIL_ONESIDE_02_L3,SHAPE_TAIL_ONESIDE,3,L3 확실히 다름,정규 → 한쪽 꼬리 (σ 는 재정규화로 동일),1,0,0,1,0,100.0,-1e-06,0.0664,0.0,0.073,-11.133232,1.0,0.173535,5.0,1.041666667396922,1.6,5.0,1.0416666528786307,1.6
SHAPE_TAIL_ONESIDE_02_L4,SHAPE_TAIL_ONESIDE,4,L4 누가 봐도 완전히 다름,정규 → 한쪽 꼬리 (σ 는 재정규화로 동일),1,0,0,1,0,100.0,1e-06,0.1259,0.0,0.1271,-25.094852,1.0,0.005399,5.0,1.0416666566232786,1.6,5.0,1.0416666635012513,1.6
SHAPE_TAIL_BOTH_01_L1,SHAPE_TAIL_BOTH,1,L1 차이 거의 없음,정규 → 양쪽 꼬리(몸통 수축),1,0,0,0,0,100.0,1e-06,0.0337,0.0,0.0371,-2.192311,1.0,0.938956,5.0,1.0416666580195437,1.6,5.0,1.0416666716676404,1.6
SHAPE_TAIL_BOTH_01_L2,SHAPE_TAIL_BOTH,2,L2 자세히 보면 다름,정규 → 양쪽 꼬리(몸통 수축),1,0,0,0,0,100.12,-0.160706,0.0416,0.0003,0.0074,-8.737161,0.994835,0.273812,5.0,1.0416666706732434,1.6,4.9997,1.0399926482805117,1.602
SHAPE_TAIL_BOTH_01_L3,SHAPE_TAIL_BOTH,3,L3 확실히 다름,정규 → 양쪽 꼬리(몸통 수축),1,0,0,1,0,100.0,-0.0,0.0664,0.0,0.0262,-24.886201,1.0,0.003834,5.0,1.0416666513830137,1.6,5.0,1.0416666482658228,1.6
SHAPE_TAIL_BOTH_01_L4,SHAPE_TAIL_BOTH,4,L4 누가 봐도 완전히 다름,정규 → 양쪽 꼬리(몸통 수축),1,0,0,1,0,100.0,-1e-06,0.0912,0.0,0.0107,-32.459431,1.0,0.004271,5.0,1.0416666717369965,1.6,5.0,1.041666664417447,1.6
SHAPE_UNIFORM_01_L1,SHAPE_UNIFORM,1,L1 차이 거의 없음,정규 → 균등(평평한 몸통),1,0,0,0,0,100.0,-1e-06,0.0297,0.0,0.0249,-3.761753,1.0,0.844701,5.0,1.0416666734274134,1.6,5.0,1.0416666646163733,1.6
SHAPE_UNIFORM_01_L2,SHAPE_UNIFORM,2,L2 자세히 보면 다름,정규 → 균등(평평한 몸통),1,0,0,0,0,100.0,-1e-06,0.0565,0.0,0.0589,15.451364,1.0,0.096995,5.0,1.0416666752012629,1.6,5.0,1.0416666648956132,1.6
SHAPE_UNIFORM_01_L3,SHAPE_UNIFORM,3,L3 확실히 다름,정규 → 균등(평평한 몸통),1,0,0,1,0,100.0,2e-06,0.0674,0.0,0.0214,25.581379,1.0,0.005493,5.0,1.041666645081866,1.6,5.0,1.0416666669581671,1.6
SHAPE_UNIFORM_01_L4,SHAPE_UNIFORM,4,L4 누가 봐도 완전히 다름,정규 → 균등(평평한 몸통),1,0,0,1,0,100.0,-0.0,0.0634,0.0,0.024,23.846151,1.0,0.004811,5.0,1.0416666717202885,1.6,5.0,1.0416666697195904,1.6
SHAPE_UNIFORM_02_L1,SHAPE_UNIFORM,1,L1 차이 거의 없음,정규 → 균등(평평한 몸통),1,0,0,0,0,100.0,2e-06,0.0248,0.0,0.0175,-0.301085,1.0,0.694566,5.0,1.0416666506784698,1.6,5.0,1.0416666764577227,1.6
SHAPE_UNIFORM_02_L2,SHAPE_UNIFORM,2,L2 자세히 보면 다름,정규 → 균등(평평한 몸통),1,0,0,0,0,100.0,-2e-06,0.0436,0.0,0.0389,11.480792,1.0,0.116675,5.0,1.0416666693211214,1.6,5.0,1.0416666526597105,1.6
SHAPE_UNIFORM_02_L3,SHAPE_UNIFORM,3,L3 확실히 다름,정규 → 균등(평평한 몸통),1,0,0,1,0,100.0,0.0,0.0704,0.0,0.0276,26.58945,1.0,0.01643,5.0,1.0416666834284323,1.6,5.0,1.0416666849285874,1.6
SHAPE_UNIFORM_02_L4,SHAPE_UNIFORM,4,L4 누가 봐도 완전히 다름,정규 → 균등(평평한 몸통),1,0,0,1,0,100.0,-0.0,0.0714,0.0,0.0156,27.105157,1.0,0.016558,5.0,1.0416666610020342,1.6,5.0,1.041666659195088,1.6
SHAPE_PLATEAU_01_L1,SHAPE_PLATEAU,1,L1 차이 거의 없음,정규 → 중앙 함몰(U 자화),1,0,0,0,0,100.0,1e-06,0.0337,0.0,0.0162,3.858805,1.0,0.534322,5.0,1.0416666492414135,1.6,5.0,1.0416666639738037,1.6
SHAPE_PLATEAU_01_L2,SHAPE_PLATEAU,2,L2 자세히 보면 다름,정규 → 중앙 함몰(U 자화),1,0,0,0,0,100.0,0.0,0.0605,0.0,0.0094,19.377186,1.0,0.076958,5.0,1.0416666757501098,1.6,5.0,1.0416666800287837,1.6
SHAPE_PLATEAU_01_L3,SHAPE_PLATEAU,3,L3 확실히 다름,정규 → 중앙 함몰(U 자화),1,0,0,1,0,100.0,-0.0,0.111,0.0,0.0128,26.516024,1.0,0.000214,5.0,1.0416666756766715,1.6,5.0,1.0416666739043567,1.6
SHAPE_PLATEAU_01_L4,SHAPE_PLATEAU,4,L4 누가 봐도 완전히 다름,정규 → 중앙 함몰(U 자화),1,0,0,1,0,100.0,-1e-06,0.1586,0.0,0.2215,41.222335,1.0,0.0,5.0,1.0416666704385185,1.6,5.0,1.04166666498166,1.6
SHAPE_SKEW_R_01_L1,SHAPE_SKEW_R,1,L1 차이 거의 없음,정규 → 우왜곡(로그정규형),1,0,0,0,0,100.0,0.0,0.0496,0.0,0.0467,-4.103283,1.0,0.911594,5.0,1.0416666634427318,1.6,5.0,1.041666663693048,1.6
SHAPE_SKEW_R_01_L2,SHAPE_SKEW_R,2,L2 자세히 보면 다름,정규 → 우왜곡(로그정규형),1,0,0,0,0,100.0,-1e-06,0.0704,0.0,0.0907,-8.321456,1.0,0.338829,5.0,1.041666682522399,1.6,5.0,1.0416666721847097,1.6
SHAPE_SKEW_R_01_L3,SHAPE_SKEW_R,3,L3 확실히 다름,정규 → 우왜곡(로그정규형),1,0,0,1,0,101.69,-1.729628,0.109,0.0031,0.1712,-23.285093,0.944519,0.00117,5.0,1.0416666605792342,1.6,4.9968,1.0236497020959008,1.627
SHAPE_SKEW_R_01_L4,SHAPE_SKEW_R,4,L4 누가 봐도 완전히 다름,정규 → 우왜곡(로그정규형),1,0,0,1,0,114.31,-12.831839,0.223,0.0159,0.2029,-48.950938,0.702811,0.0,5.0,1.04166666696369,1.6,4.9834,0.9080016735333692,1.829
SHAPE_SKEWFLIP_01_L1,SHAPE_SKEWFLIP,1,L1 차이 거의 없음,"왜곡 방향 반전 (우→좌, μ·σ 동일)",1,0,0,0,0,100.0,1e-06,0.0823,0.0,0.1348,11.430601,1.0,0.573898,5.0,1.0416666643564572,1.6,5.0,1.041666671838848,1.6
SHAPE_SKEWFLIP_01_L2,SHAPE_SKEWFLIP,2,L2 자세히 보면 다름,"왜곡 방향 반전 (우→좌, μ·σ 동일)",1,0,0,0,0,98.52,1.52951,0.1516,0.0025,0.263,-5.322371,0.95496,0.99155,4.9974,1.0259742719093996,1.624,5.0,1.0416666543921194,1.6
SHAPE_SKEWFLIP_01_L3,SHAPE_SKEWFLIP,3,L3 확실히 다름,"왜곡 방향 반전 (우→좌, μ·σ 동일)",1,0,0,1,0,98.85,1.249098,0.2498,0.0093,0.4323,-11.933725,0.835236,0.651093,4.9943,1.008659079791156,1.65,5.0037,1.0212582247287192,1.631
SHAPE_SKEWFLIP_01_L4,SHAPE_SKEWFLIP,4,L4 누가 봐도 완전히 다름,"왜곡 방향 반전 (우→좌, μ·σ 동일)",1,0,0,1,0,92.91,7.76098,0.3588,0.02,0.7781,6.103882,0.666094,0.250101,4.9872,0.9362134373532923,1.776,5.0059,1.008872777591121,1.65
SHAPE_OUTLIER_01_L1,SHAPE_OUTLIER,1,L1 차이 거의 없음,정규 → 이탈 무리 분리,1,0,0,0,0,100.0,2e-06,0.0248,0.0,0.0077,6.448543,1.0,0.788835,5.0,1.0416666656081495,1.6,5.0,1.0416666825534469,1.6
SHAPE_OUTLIER_01_L2,SHAPE_OUTLIER,2,L2 자세히 보면 다름,정규 → 이탈 무리 분리,1,0,0,0,0,100.0,1e-06,0.0327,0.0,0.0267,-8.356268,1.0,0.432227,5.0,1.0416666624182271,1.6,5.0,1.0416666691853118,1.6
SHAPE_OUTLIER_01_L3,SHAPE_OUTLIER,3,L3 확실히 다름,정규 → 이탈 무리 분리,1,0,0,1,0,100.0,-0.0,0.0654,0.0,0.0313,-14.862772,1.0,0.076085,5.0,1.0416666690045564,1.6,5.0,1.041666664489218,1.6
SHAPE_OUTLIER_01_L4,SHAPE_OUTLIER,4,L4 누가 봐도 완전히 다름,정규 → 이탈 무리 분리,1,0,0,1,0,100.0,-1e-06,0.1348,0.0,0.1599,-29.867026,1.0,0.000471,5.0,1.041666681267144,1.6,5.0,1.041666668093169,1.6
SHAPE_OUTLIER_02_L1,SHAPE_OUTLIER,1,L1 차이 거의 없음,정규 → 이탈 무리 분리,1,0,0,0,0,100.0,1e-06,0.0198,0.0,0.0005,3.069732,1.0,0.765885,5.0,1.0416666617676467,1.6,5.0,1.0416666696716195,1.6
SHAPE_OUTLIER_02_L2,SHAPE_OUTLIER,2,L2 자세히 보면 다름,정규 → 이탈 무리 분리,1,0,0,0,0,100.0,-1e-06,0.0387,0.0,0.0338,1.01837,1.0,0.897133,5.0,1.0416666688466094,1.6,5.0,1.04166665913678,1.6
SHAPE_OUTLIER_02_L3,SHAPE_OUTLIER,3,L3 확실히 다름,정규 → 이탈 무리 분리,1,0,0,1,0,100.0,1e-06,0.0892,0.0,0.0637,-23.440745,1.0,0.013256,5.0,1.04166665313099,1.6,5.0,1.0416666631088458,1.6
SHAPE_OUTLIER_02_L4,SHAPE_OUTLIER,4,L4 누가 봐도 완전히 다름,정규 → 이탈 무리 분리,1,0,0,1,0,100.0,1e-06,0.1288,0.0,0.1624,-29.005592,1.0,0.000412,5.0,1.0416666547557933,1.6,5.0,1.0416666656507618,1.6
SHAPE_SPIKE_01_L1,SHAPE_SPIKE,1,L1 차이 거의 없음,정규 → 단일값 스파이크(포화·클램프),1,0,0,0,0,100.0,1e-06,0.0436,0.0,0.035,-7.381009,1.0,0.321727,5.0,1.0416666559439818,1.6,5.0,1.0416666698980495,1.6
SHAPE_SPIKE_01_L2,SHAPE_SPIKE,2,L2 자세히 보면 다름,정규 → 단일값 스파이크(포화·클램프),1,0,0,0,0,100.0,1e-06,0.11,0.0,0.0264,-12.429693,1.0,0.036033,5.0,1.0416666571483784,1.6,5.0,1.0416666724469257,1.6
SHAPE_SPIKE_01_L3,SHAPE_SPIKE,3,L3 확실히 다름,정규 → 단일값 스파이크(포화·클램프),1,0,0,1,0,100.0,0.0,0.1546,0.0,0.004,-36.411418,1.0,6e-06,5.0,1.0416666800329388,1.6,5.0,1.0416666806409498,1.6
SHAPE_SPIKE_01_L4,SHAPE_SPIKE,4,L4 누가 봐도 완전히 다름,정규 → 단일값 스파이크(포화·클램프),1,0,0,1,0,100.0,0.0,0.2557,0.0,0.0088,-96.778836,1.0,0.0,5.0,1.0416666713241627,1.6,5.0,1.0416666736635953,1.6
SHAPE_SPIKE_02_L1,SHAPE_SPIKE,1,L1 차이 거의 없음,정규 → 단일값 스파이크(포화·클램프),1,0,0,0,0,100.0,1e-06,0.0515,0.0,0.0035,-7.274064,1.0,0.247515,5.0,1.04166666345101,1.6,5.0,1.0416666769495733,1.6
SHAPE_SPIKE_02_L2,SHAPE_SPIKE,2,L2 자세히 보면 다름,정규 → 단일값 스파이크(포화·클램프),1,0,0,0,0,100.0,0.0,0.0813,0.0,0.0076,-8.806156,1.0,0.050289,5.0,1.0416666631954676,1.6,5.0,1.0416666672441568,1.6
SHAPE_SPIKE_02_L3,SHAPE_SPIKE,3,L3 확실히 다름,정규 → 단일값 스파이크(포화·클램프),1,0,0,1,0,100.0,-2e-06,0.1695,0.0,0.0148,-36.09197,1.0,5e-06,5.0,1.0416666696875414,1.6,5.0,1.0416666536239876,1.6
SHAPE_SPIKE_02_L4,SHAPE_SPIKE,4,L4 누가 봐도 완전히 다름,정규 → 단일값 스파이크(포화·클램프),1,0,0,1,0,100.0,-2e-06,0.2716,0.0,0.0412,-96.569803,1.0,0.0,5.0,1.0416666815032964,1.6,5.0,1.0416666648735677,1.6
SHAPE_TRUNC_01_L1,SHAPE_TRUNC,1,L1 차이 거의 없음,정규 → 한쪽 절단(벽 생성),1,0,0,0,0,100.0,-0.0,0.0278,0.0,0.0174,-6.07322,1.0,0.561396,5.0,1.0416666800425243,1.6,5.0,1.041666677574923,1.6
SHAPE_TRUNC_01_L2,SHAPE_TRUNC,2,L2 자세히 보면 다름,정규 → 한쪽 절단(벽 생성),1,0,0,0,0,100.0,-4e-06,0.0664,0.0,0.0373,7.316013,1.0,0.475907,5.0,1.0416666577978237,1.6,5.0,1.0416666174548075,1.6
SHAPE_TRUNC_01_L3,SHAPE_TRUNC,3,L3 확실히 다름,정규 → 한쪽 절단(벽 생성),1,0,0,1,0,100.0,-9e-06,0.1249,0.0,0.1145,19.873173,1.0,0.257585,5.0,1.0416666704440467,1.6,5.0,1.0416665752536227,1.6
SHAPE_TRUNC_01_L4,SHAPE_TRUNC,4,L4 누가 봐도 완전히 다름,정규 → 한쪽 절단(벽 생성),1,0,0,1,0,100.0,-8e-06,0.2012,0.0,0.2497,7.284326,1.0,0.834374,5.0,1.0416666557152099,1.6,5.0,1.0416665700750734,1.6
DISC_GRAIN_01_L1,DISC_GRAIN,1,L1 차이 거의 없음,"이산 격자가 굵어짐 (해상도 저하, μ·σ 동일)",1,0,0,0,0,100.19,-0.236946,0.0258,0.0045,0.0,0.0,0.919738,0.985419,4.999,1.0487839560858447,1.589,5.0037,1.0462989069739645,1.592
DISC_GRAIN_01_L2,DISC_GRAIN,2,L2 자세히 보면 다름,"이산 격자가 굵어짐 (해상도 저하, μ·σ 동일)",1,0,0,0,0,99.0,0.838642,0.0753,0.008,0.2,19.999939,0.858719,0.965138,4.9998,1.0427950394686205,1.598,5.0081,1.0515403514779635,1.582
DISC_GRAIN_01_L3,DISC_GRAIN,3,L3 확실히 다름,"이산 격자가 굵어짐 (해상도 저하, μ·σ 동일)",1,0,0,1,0,96.06,4.018368,0.1457,0.007,0.2,-20.000092,0.877513,0.636035,4.9977,1.0425731929370334,1.598,5.005,1.084467615392431,1.535
DISC_GRAIN_01_L4,DISC_GRAIN,4,L4 누가 봐도 완전히 다름,"이산 격자가 굵어짐 (해상도 저하, μ·σ 동일)",1,0,1,0,0,86.25,15.60493,0.3231,0.0171,0.5,33.333312,0.722468,8.7e-05,5.0021,1.0413531554876856,1.6,4.9843,1.203855585701087,1.38
DISC_GRAIN_02_L1,DISC_GRAIN,1,L1 차이 거의 없음,"이산 격자가 굵어짐 (해상도 저하, μ·σ 동일)",1,0,0,0,0,100.44,-0.342689,0.0159,0.0067,0.0,0.0,0.880549,0.890808,5.006,1.0479394551571852,1.589,4.999,1.0443482860083777,1.596
DISC_GRAIN_02_L2,DISC_GRAIN,2,L2 자세히 보면 다름,"이산 격자가 굵어짐 (해상도 저하, μ·σ 동일)",1,0,0,0,0,98.87,1.102605,0.0575,0.0027,0.1667,0.0,0.952181,0.929792,5.0006,1.0428529504733532,1.598,5.0034,1.0543515007288369,1.58
DISC_GRAIN_02_L3,DISC_GRAIN,3,L3 확실히 다름,"이산 격자가 굵어짐 (해상도 저하, μ·σ 동일)",1,0,0,1,0,97.3,2.78922,0.1556,0.0024,0.1667,-33.333376,0.957794,0.28597,5.0044,1.0462251863481018,1.592,5.0019,1.075406705230433,1.549
DISC_GRAIN_02_L4,DISC_GRAIN,4,L4 누가 봐도 완전히 다름,"이산 격자가 굵어짐 (해상도 저하, μ·σ 동일)",1,0,1,0,0,85.96,15.647431,0.3221,0.0309,0.6,59.999892,0.52071,6.5e-05,4.9995,1.0447093669979735,1.595,5.0318,1.208179541300724,1.371
DISC_TO_CONT_01_L1,DISC_TO_CONT,1,L1 차이 거의 없음,이산 → 연속 (계측 방식 변경),1,0,0,0,0,100.06,-0.02713,0.0654,0.0006,0.0295,-13.491008,0.98968,0.659634,5.0006,1.0419493569871425,1.599,5.0,1.0416666741875442,1.6
DISC_TO_CONT_01_L2,DISC_TO_CONT,2,L2 자세히 보면 다름,이산 → 연속 (계측 방식 변경),1,0,0,0,0,100.82,-0.833215,0.1021,0.0003,0.1276,-10.04032,0.994861,0.835654,5.0003,1.0504189161615116,1.587,5.0,1.0416666669240293,1.6
DISC_TO_CONT_01_L3,DISC_TO_CONT,3,L3 확실히 다름,이산 → 연속 (계측 방식 변경),1,0,0,1,0,103.56,-3.397909,0.1873,0.0011,0.1945,40.444442,0.979719,0.502477,4.9988,1.0783065311181066,1.545,5.0,1.0416666586706647,1.6
DISC_TO_CONT_01_L4,DISC_TO_CONT,4,L4 누가 봐도 완전히 다름,이산 → 연속 (계측 방식 변경),1,0,0,1,0,117.3,-14.482786,0.3627,0.0129,0.4048,-30.902933,0.755713,0.001147,4.9843,1.2180783579914534,1.364,5.0,1.0416666734864946,1.6
DISC_BIMODAL_01_L1,DISC_BIMODAL,1,L1 차이 거의 없음,이산 정규 → 이산 쌍봉,1,0,0,0,0,100.25,-0.206753,0.0139,0.002,0.0,0.0,0.964339,0.753579,5.0065,1.0559692272888137,1.576,5.0044,1.0537859778059264,1.58
DISC_BIMODAL_01_L2,DISC_BIMODAL,2,L2 자세히 보면 다름,이산 정규 → 이산 쌍봉,1,0,0,0,0,99.69,0.104536,0.0416,0.0123,0.0,0.0,0.782468,0.09038,4.9982,1.0487252400900204,1.589,5.0111,1.0498215386595595,1.584
DISC_BIMODAL_01_L3,DISC_BIMODAL,3,L3 확실히 다름,이산 정규 → 이산 쌍봉,1,0,0,1,0,101.27,-1.265487,0.1447,0.0015,0.0,0.0,0.972736,2e-06,5.0008,1.0580512010312455,1.575,5.0024,1.0446617001886462,1.595
DISC_BIMODAL_01_L4,DISC_BIMODAL,4,L4 누가 봐도 완전히 다름,이산 정규 → 이산 쌍봉,1,0,0,1,0,100.45,-0.554497,0.1972,0.0053,0.3333,33.333312,0.905522,0.0,5.0019,1.062567664902065,1.568,5.0075,1.0566757542158143,1.575
DISC_BIMODAL_02_L1,DISC_BIMODAL,1,L1 차이 거의 없음,이산 정규 → 이산 쌍봉,1,0,0,0,0,100.0,-0.105587,0.0139,0.0064,0.0,0.0,0.886373,0.657891,4.9988,1.0535647413515266,1.582,5.0055,1.0524523156278527,1.582
DISC_BIMODAL_02_L2,DISC_BIMODAL,2,L2 자세히 보면 다름,이산 정규 → 이산 쌍봉,1,0,0,0,0,100.19,-0.148114,0.0268,0.0088,0.0,0.0,0.843359,0.47789,5.006,1.0577801867102907,1.574,4.9967,1.0562134643789909,1.577
DISC_BIMODAL_02_L3,DISC_BIMODAL,3,L3 확실히 다름,이산 정규 → 이산 쌍봉,1,0,0,1,0,100.95,-0.922061,0.1298,0.0083,0.0,0.0,0.851902,3e-06,4.9957,1.0514086970370842,1.584,5.0044,1.0417140684678785,1.599
DISC_BIMODAL_02_L4,DISC_BIMODAL,4,L4 누가 봐도 완전히 다름,이산 정규 → 이산 쌍봉,1,0,0,1,0,99.24,0.543374,0.2101,0.0107,0.3333,33.333312,0.810555,0.0,4.9998,1.0558108663076005,1.579,5.0111,1.0615478703217258,1.567
DISC_LEVELSHIFT_01_L1,DISC_LEVELSHIFT,1,L1 차이 거의 없음,이산값 계단 하나만큼 평행 이동,0,0,0,0,0,89.84,-0.232964,0.1853,0.507,0.0,9.6e-05,0.0,0.903793,4.9802,1.095360198585363,1.516,5.5356,1.0928084018808486,1.362
DISC_LEVELSHIFT_01_L2,DISC_LEVELSHIFT,2,L2 자세히 보면 다름,이산값 계단 하나만큼 평행 이동,0,0,1,0,1,79.68,-0.667012,0.3726,0.9512,1.0,100.000192,0.0,0.999994,5.0132,1.0929020265987948,1.521,6.0528,1.0856122376116477,1.212
DISC_LEVELSHIFT_01_L3,DISC_LEVELSHIFT,3,L3 확실히 다름,이산값 계단 하나만큼 평행 이동,0,0,1,0,0,68.12,1.166203,0.5451,1.4347,1.0,9.6e-05,0.0,0.343862,5.0091,1.0822548485665513,1.537,6.5618,1.0948761378978562,1.047
DISC_LEVELSHIFT_01_L4,DISC_LEVELSHIFT,4,L4 누가 봐도 완전히 다름,이산값 계단 하나만큼 평행 이동,0,0,1,0,0,57.47,1.519779,0.668,1.944,2.0,9.6e-05,0.0,0.912893,4.9973,1.0735555072345822,1.552,7.0843,1.089871173482431,0.892
DISC_SPARSE_01_L1,DISC_SPARSE,1,L1 차이 거의 없음,이산 + 한 계단에 몰림 (수준 편중),1,0,0,0,0,99.59,0.542038,0.005,0.0055,0.0,0.0,0.901769,0.874875,5.0189,1.1250702771624184,1.476,5.0127,1.1311685866331789,1.47
DISC_SPARSE_01_L2,DISC_SPARSE,2,L2 자세히 보면 다름,이산 + 한 계단에 몰림 (수준 편중),1,0,0,0,0,100.07,-0.715666,0.0595,0.0565,0.0,0.0,0.202925,0.030674,5.0158,1.123825712303748,1.478,4.9523,1.1157828792478819,1.479
DISC_SPARSE_01_L3,DISC_SPARSE,3,L3 확실히 다름,이산 + 한 계단에 몰림 (수준 편중),1,0,0,1,0,99.93,-1.172329,0.0852,0.0776,0.0,0.0,0.079574,0.002777,5.0142,1.1360642332262312,1.463,4.926,1.122745821493662,1.462
DISC_SPARSE_01_L4,DISC_SPARSE,4,L4 누가 봐도 완전히 다름,이산 + 한 계단에 몰림 (수준 편중),1,0,0,1,0,98.98,-2.905721,0.1407,0.1739,0.0,-100.0,7.6e-05,0.0,5.0003,1.130383145670831,1.474,4.8037,1.0975373684097267,1.459
POS_SEPARATE_01_L1,POS_SEPARATE,1,L1 차이 거의 없음,완전 분리 방향으로 서로 멀어짐,0,0,0,0,0,100.0,3e-06,0.9029,3.2727,2.4321,1.650692,0.0,0.663591,4.0625,0.5729166567909366,2.364,5.9375,0.5729166736607357,2.364
POS_SEPARATE_01_L2,POS_SEPARATE,2,L2 자세히 보면 다름,완전 분리 방향으로 서로 멀어짐,0,0,0,0,0,100.0,-5e-06,1.0,6.5455,4.9582,-0.376632,0.0,0.968232,3.125,0.5729166890411119,1.818,6.875,0.5729166623756933,1.818
POS_SEPARATE_01_L3,POS_SEPARATE,3,L3 확실히 다름,완전 분리 방향으로 서로 멀어짐,0,0,1,0,0,100.0,1e-06,1.0,9.8182,7.6793,2.458686,0.0,0.920391,2.1875,0.5729166702008673,1.273,7.8125,0.5729166761942076,1.273
POS_SEPARATE_01_L4,POS_SEPARATE,4,L4 누가 봐도 완전히 다름,완전 분리 방향으로 서로 멀어짐,0,0,1,0,0,99.59,0.289442,1.0,13.2673,9.1615,-3.411699,0.0,0.665083,1.2532,0.564856598279243,0.74,8.7473,0.5664915287082193,0.737
POS_SEPARATE_02_L1,POS_SEPARATE,1,L1 차이 거의 없음,완전 분리 방향으로 서로 멀어짐,0,0,0,0,0,100.0,3e-06,0.9158,3.2727,2.421,-2.426522,0.0,0.699327,4.0625,0.5729166595058371,2.364,5.9375,0.5729166785467773,2.364
POS_SEPARATE_02_L2,POS_SEPARATE,2,L2 자세히 보면 다름,완전 분리 방향으로 서로 멀어짐,0,0,0,0,0,100.0,-1e-06,0.999,6.5455,5.2066,9.175206,0.0,0.686154,3.125,0.5729166773959633,1.818,6.875,0.5729166720650016,1.818
POS_SEPARATE_02_L3,POS_SEPARATE,3,L3 확실히 다름,완전 분리 방향으로 서로 멀어짐,0,0,1,0,0,100.0,4e-06,1.0,9.8182,7.5739,4.722224,0.0,0.490303,2.1875,0.572916660169657,1.273,7.8125,0.5729166818134387,1.273
POS_SEPARATE_02_L4,POS_SEPARATE,4,L4 누가 봐도 완전히 다름,완전 분리 방향으로 서로 멀어짐,0,0,1,0,0,99.2,0.707145,1.0,13.4075,9.9401,5.43862,0.0,0.477846,1.2553,0.5586869236131995,0.749,8.7459,0.5626376485223454,0.743
POS_OVERLAP_SAME_01_L1,POS_OVERLAP_SAME,1,L1 차이 거의 없음,완전히 겹침 (대조군 — 차이 없음이 정답),0,0,0,0,0,100.0,1e-06,0.0337,0.0,0.0265,11.236096,1.0,0.403184,5.0,1.0416666725500663,1.6,5.0,1.0416666779926593,1.6
POS_OVERLAP_SAME_01_L2,POS_OVERLAP_SAME,2,L2 자세히 보면 다름,완전히 겹침 (대조군 — 차이 없음이 정답),0,0,0,0,0,100.0,1e-06,0.0307,0.0,0.0002,-5.151601,1.0,0.758915,5.0,1.0416666585922825,1.6,5.0,1.041666667993217,1.6
POS_OVERLAP_SAME_02_L1,POS_OVERLAP_SAME,1,L1 차이 거의 없음,완전히 겹침 (대조군 — 차이 없음이 정답),0,0,0,0,0,100.0,-1e-06,0.0287,0.0,0.003,-0.743664,1.0,0.699849,5.0,1.0416666683161733,1.6,5.0,1.0416666556946486,1.6
POS_OVERLAP_SAME_02_L2,POS_OVERLAP_SAME,2,L2 자세히 보면 다름,완전히 겹침 (대조군 — 차이 없음이 정답),0,0,0,0,0,100.0,0.0,0.0188,0.0,0.0064,-4.099257,1.0,0.847567,5.0,1.041666669411911,1.6,5.0,1.0416666742261087,1.6
POS_OVERLAP_SAME_03_L1,POS_OVERLAP_SAME,1,L1 차이 거의 없음,완전히 겹침 (대조군 — 차이 없음이 정답),0,0,0,0,0,100.0,-1e-06,0.0278,0.0,0.0017,2.934509,1.0,0.687894,5.0,1.0416666747522099,1.6,5.0,1.0416666659903908,1.6
POS_OVERLAP_SAME_03_L2,POS_OVERLAP_SAME,2,L2 자세히 보면 다름,완전히 겹침 (대조군 — 차이 없음이 정답),0,0,0,0,0,100.0,1e-06,0.0307,0.0,0.0305,-0.162478,1.0,0.879348,5.0,1.041666670605199,1.6,5.0,1.041666681433279,1.6
POS_SHIFT_SMALL_01_L1,POS_SHIFT_SMALL,1,L1 차이 거의 없음,평균만 shift (σ 동일),0,0,0,0,0,98.31,1e-06,0.0496,0.08,0.0765,-2.210908,0.072618,0.614633,5.0,1.0416666659224185,1.6,5.0833,1.0416666755542632,1.573
POS_SHIFT_SMALL_01_L2,POS_SHIFT_SMALL,2,L2 자세히 보면 다름,평균만 shift (σ 동일),0,0,0,0,0,94.81,1e-06,0.1001,0.25,0.1732,6.841408,0.0,0.775935,5.0,1.0416666676527067,1.6,5.2604,1.0416666730335369,1.517
POS_SHIFT_SMALL_01_L3,POS_SHIFT_SMALL,3,L3 확실히 다름,평균만 shift (σ 동일),0,0,0,1,0,87.5,-2e-06,0.2488,0.6,0.3933,2.020974,0.0,0.663482,5.0,1.04166669346942,1.6,5.625,1.0416666698150447,1.4
POS_SHIFT_SMALL_01_L4,POS_SHIFT_SMALL,4,L4 누가 봐도 완전히 다름,평균만 shift (σ 동일),0,0,1,0,0,75.0,-0.0,0.4529,1.2,0.8753,1.383544,0.0,0.988466,5.0,1.041666675820894,1.6,6.25,1.0416666736239126,1.2
POS_SHIFT_SMALL_02_L1,POS_SHIFT_SMALL,1,L1 차이 거의 없음,평균만 shift (σ 동일),0,0,0,0,0,98.31,2e-06,0.0396,0.08,0.0459,1.258463,0.072618,0.754738,5.0,1.0416666523067504,1.6,5.0833,1.0416666783130102,1.573
POS_SHIFT_SMALL_02_L2,POS_SHIFT_SMALL,2,L2 자세히 보면 다름,평균만 shift (σ 동일),0,0,0,0,0,94.81,1e-06,0.116,0.25,0.2138,1.740076,0.0,0.811326,5.0,1.0416666525139229,1.6,5.2604,1.0416666628822757,1.517
POS_SHIFT_SMALL_02_L3,POS_SHIFT_SMALL,3,L3 확실히 다름,평균만 shift (σ 동일),0,0,0,1,0,87.5,2e-06,0.2478,0.6,0.4611,3.946862,0.0,0.866184,5.0,1.0416666474907823,1.6,5.625,1.041666665712309,1.4
POS_SHIFT_SMALL_02_L4,POS_SHIFT_SMALL,4,L4 누가 봐도 완전히 다름,평균만 shift (σ 동일),0,0,1,0,0,75.0,-1e-06,0.4648,1.2,0.9163,6.485879,0.0,0.852187,5.0,1.041666657966652,1.6,6.25,1.0416666473007228,1.2
SD_UP_01_L1,SD_UP,1,L1 차이 거의 없음,산포만 커짐,0,0,0,0,0,96.12,4.000001,0.0297,0.0,0.0109,5.292499,1.0,0.155906,5.0,1.0416666526403384,1.6,5.0,1.083333332898629,1.538
SD_UP_01_L2,SD_UP,2,L2 자세히 보면 다름,산포만 커짐,0,0,1,0,1,86.19,15.999999,0.0416,0.0,0.0241,13.160119,1.0,4.7e-05,5.0,1.0416666729038992,1.6,5.0,1.2083333294858325,1.379
SD_UP_01_L3,SD_UP,3,L3 확실히 다름,산포만 커짐,0,0,1,0,0,69.25,44.286383,0.1209,0.0018,0.0538,59.019647,0.973675,0.0,5.0,1.0416666661433542,1.6,4.9981,1.5029831546819818,1.108
SD_UP_01_L4,SD_UP,4,L4 누가 봐도 완전히 다름,산포만 커짐,0,0,1,0,0,51.06,95.628551,0.1705,0.0039,0.0065,118.453851,0.954627,0.0,5.0,1.0416666669251058,1.6,4.9959,2.037797411727777,0.817
SD_UP_02_L1,SD_UP,1,L1 차이 거의 없음,산포만 커짐,0,0,0,0,0,96.12,4.0,0.0337,0.0,0.0481,8.871425,1.0,0.170721,5.0,1.0416666655371887,1.6,5.0,1.0833333356627206,1.538
SD_UP_02_L2,SD_UP,2,L2 자세히 보면 다름,산포만 커짐,0,0,1,0,1,86.19,15.985969,0.0505,0.0,0.0236,18.37355,1.0,3e-05,5.0,1.0416666658330231,1.6,5.0,1.2081871742079713,1.379
SD_UP_02_L3,SD_UP,3,L3 확실히 다름,산포만 커짐,0,0,1,0,0,68.94,44.999999,0.1021,0.0,0.0092,53.563116,1.0,0.0,5.0,1.0416666732650954,1.6,5.0,1.5104166698068702,1.103
SD_UP_02_L4,SD_UP,4,L4 누가 봐도 완전히 다름,산포만 커짐,0,0,1,0,0,50.56,97.626559,0.1873,0.0012,0.0398,105.011001,0.986821,0.0,5.0,1.0416666730256428,1.6,5.0012,2.0586100025049907,0.809
SD_UP_MEAN_DOWN_01_L1,SD_UP_MEAN_DOWN,1,L1 차이 거의 없음,평균 이동 + 산포 확대 동시,0,0,0,0,0,93.25,5.000001,0.0456,0.1,0.0364,-3.735434,0.028539,0.397269,5.0,1.0416666719560048,1.6,4.8958,1.0937500153193893,1.492
SD_UP_MEAN_DOWN_01_L2,SD_UP_MEAN_DOWN,2,L2 자세히 보면 다름,평균 이동 + 산포 확대 동시,0,0,1,0,1,79.44,18.000001,0.1229,0.3,0.2205,14.452971,0.0,1.1e-05,5.0,1.0416666486616013,1.6,4.6875,1.2291666547971087,1.271
SD_UP_MEAN_DOWN_01_L3,SD_UP_MEAN_DOWN,3,L3 확실히 다름,평균 이동 + 산포 확대 동시,0,0,1,0,0,57.25,49.263806,0.2587,0.6977,0.5001,43.5287,0.0,0.0,5.0,1.0416666626552122,1.6,4.2732,1.5548313098089113,0.916
SD_UP_MEAN_DOWN_01_L4,SD_UP_MEAN_DOWN,4,L4 누가 봐도 완전히 다름,평균 이동 + 산포 확대 동시,0,0,1,0,0,37.94,100.086128,0.3875,1.158,0.9501,110.703712,0.0,0.0,5.0,1.0416666646436,1.6,3.7937,2.08423049346412,0.607
MIX_TAIL_VS_BIMODAL_01_L1,MIX_TAIL_VS_BIMODAL,1,L1 차이 거의 없음,"꼬리형 → 쌍봉형 (둘 다 비정규, 방식이 다름)",1,0,0,0,0,100.0,1e-06,0.0238,0.0,0.0223,-0.791771,1.0,0.986789,5.0,1.0416666679560018,1.6,5.0,1.0416666783308575,1.6
MIX_TAIL_VS_BIMODAL_01_L2,MIX_TAIL_VS_BIMODAL,2,L2 자세히 보면 다름,"꼬리형 → 쌍봉형 (둘 다 비정규, 방식이 다름)",1,0,0,0,0,100.0,1e-06,0.0416,0.0,0.0404,12.483127,1.0,0.388823,5.0,1.0416666543530455,1.6,5.0,1.04166666632142,1.6
MIX_TAIL_VS_BIMODAL_01_L3,MIX_TAIL_VS_BIMODAL,3,L3 확실히 다름,"꼬리형 → 쌍봉형 (둘 다 비정규, 방식이 다름)",1,0,0,1,0,100.0,-0.0,0.1734,0.0,0.0599,53.967754,1.0,0.0,5.0,1.0416666633686533,1.6,5.0,1.0416666600375237,1.6
MIX_TAIL_VS_BIMODAL_01_L4,MIX_TAIL_VS_BIMODAL,4,L4 누가 봐도 완전히 다름,"꼬리형 → 쌍봉형 (둘 다 비정규, 방식이 다름)",1,0,0,1,0,100.0,1e-06,0.3201,0.0,0.7218,97.930554,1.0,0.0,5.0,1.0416666713324718,1.6,5.0,1.041666676749808,1.6
MIX_TAIL_VS_BIMODAL_02_L1,MIX_TAIL_VS_BIMODAL,1,L1 차이 거의 없음,"꼬리형 → 쌍봉형 (둘 다 비정규, 방식이 다름)",1,0,0,0,0,100.0,-1e-06,0.0327,0.0,0.0136,-9.516326,1.0,0.368819,5.0,1.0416666648185042,1.6,5.0,1.0416666494820799,1.6
MIX_TAIL_VS_BIMODAL_02_L2,MIX_TAIL_VS_BIMODAL,2,L2 자세히 보면 다름,"꼬리형 → 쌍봉형 (둘 다 비정규, 방식이 다름)",1,0,0,0,0,100.0,-2e-06,0.0456,0.0,0.0632,12.424413,1.0,0.147576,5.0,1.041666669167432,1.6,5.0,1.0416666508877883,1.6
MIX_TAIL_VS_BIMODAL_02_L3,MIX_TAIL_VS_BIMODAL,3,L3 확실히 다름,"꼬리형 → 쌍봉형 (둘 다 비정규, 방식이 다름)",1,0,0,1,0,100.0,0.0,0.1804,0.0,0.0339,59.459027,1.0,0.0,5.0,1.0416666624294786,1.6,5.0,1.0416666624585191,1.6
MIX_TAIL_VS_BIMODAL_02_L4,MIX_TAIL_VS_BIMODAL,4,L4 누가 봐도 완전히 다름,"꼬리형 → 쌍봉형 (둘 다 비정규, 방식이 다름)",1,0,0,1,0,100.0,-1e-06,0.3261,0.0,0.7359,91.504847,1.0,0.0,5.0,1.0416666669686039,1.6,5.0,1.0416666575768785,1.6
MIX_UNIFORM_VS_SPIKE_01_L1,MIX_UNIFORM_VS_SPIKE,1,L1 차이 거의 없음,균등 → 스파이크 (양극단 모양),1,0,0,0,0,100.0,1e-06,0.0476,0.0,0.0303,-0.791647,1.0,0.550137,5.0,1.0416666561647028,1.6,5.0,1.04166666946496,1.6
MIX_UNIFORM_VS_SPIKE_01_L2,MIX_UNIFORM_VS_SPIKE,2,L2 자세히 보면 다름,균등 → 스파이크 (양극단 모양),1,0,0,0,0,100.0,1e-06,0.0902,0.0,0.0473,-25.960299,1.0,0.000175,5.0,1.041666651179831,1.6,5.0,1.0416666580345004,1.6
MIX_UNIFORM_VS_SPIKE_01_L3,MIX_UNIFORM_VS_SPIKE,3,L3 확실히 다름,균등 → 스파이크 (양극단 모양),1,0,0,1,0,100.0,-2e-06,0.1566,0.0,0.0254,-47.958176,1.0,0.0,5.0,1.041666667084754,1.6,5.0,1.0416666489290587,1.6
MIX_UNIFORM_VS_SPIKE_01_L4,MIX_UNIFORM_VS_SPIKE,4,L4 누가 봐도 완전히 다름,균등 → 스파이크 (양극단 모양),1,0,0,1,0,100.0,-1e-06,0.2626,0.0,0.0289,-98.11774,1.0,0.0,5.0,1.0416666692696108,1.6,5.0,1.0416666606650054,1.6
MIX_OUTLIER_VS_TAIL_01_L1,MIX_OUTLIER_VS_TAIL,1,L1 차이 거의 없음,"이탈 무리 → 연속 꼬리 (같은 σ, 다른 위험)",1,0,0,0,0,100.0,-1e-06,0.0307,0.0,0.0439,-3.535775,1.0,0.865365,5.0,1.0416666814307975,1.6,5.0,1.041666673368754,1.6
MIX_OUTLIER_VS_TAIL_01_L2,MIX_OUTLIER_VS_TAIL,2,L2 자세히 보면 다름,"이탈 무리 → 연속 꼬리 (같은 σ, 다른 위험)",1,0,0,0,0,100.0,-0.0,0.0198,0.0,0.0099,-3.346585,1.0,0.771655,5.0,1.0416666674190656,1.6,5.0,1.0416666650545676,1.6
MIX_OUTLIER_VS_TAIL_01_L3,MIX_OUTLIER_VS_TAIL,3,L3 확실히 다름,"이탈 무리 → 연속 꼬리 (같은 σ, 다른 위험)",1,0,0,1,0,100.0,1e-06,0.0317,0.0,0.0049,-2.847431,1.0,0.69047,5.0,1.0416666636124685,1.6,5.0,1.0416666752200823,1.6
MIX_OUTLIER_VS_TAIL_01_L4,MIX_OUTLIER_VS_TAIL,4,L4 누가 봐도 완전히 다름,"이탈 무리 → 연속 꼬리 (같은 σ, 다른 위험)",1,0,0,1,0,100.0,2e-06,0.0515,0.0,0.0043,10.593921,1.0,0.287638,5.0,1.041666655898106,1.6,5.0,1.0416666729119857,1.6
CPK_LOW_01_L1,CPK_LOW,1,L1 차이 거의 없음,평균 이동으로 Cpk 하락,0,0,0,0,0,93.75,1e-06,0.1497,0.3,0.2448,-3.717103,0.0,0.985443,5.0,1.041666664856901,1.6,5.3125,1.041666677125621,1.5
CPK_LOW_01_L2,CPK_LOW,2,L2 자세히 보면 다름,평균 이동으로 Cpk 하락,0,0,0,0,0,84.38,-1e-06,0.2983,0.75,0.5673,-1.460206,0.0,0.72471,5.0,1.0416666681964681,1.6,5.7812,1.0416666620740604,1.35
CPK_LOW_01_L3,CPK_LOW,3,L3 확실히 다름,평균 이동으로 Cpk 하락,0,0,1,0,0,68.75,-1e-06,0.559,1.5,1.06,-3.036503,0.0,0.733972,5.0,1.0416666713725171,1.6,6.5625,1.0416666604220433,1.1
CPK_LOW_01_L4,CPK_LOW,4,L4 누가 봐도 완전히 다름,평균 이동으로 Cpk 하락,0,0,1,0,0,45.06,-2.432551,0.8176,2.6902,2.0273,0.245368,0.0,0.582553,5.0,1.0416666668666044,1.6,7.8023,1.0163275921796169,0.721
FP_LOWCPK_NOCHANGE_01_L1,FP_LOWCPK_NOCHANGE,1,L1 차이 거의 없음,[과검출] 원래 Cpk 낮음 + 변화 없음 (유의성 게이트 부재),0,1,1,0,1,99.45,-0.072013,0.0248,0.0198,0.0113,-1.661473,0.656837,0.934447,6.5625,1.041666659025318,1.1,6.5831,1.0409165234094209,1.094
FP_LOWCPK_NOCHANGE_01_L2,FP_LOWCPK_NOCHANGE,2,L2 자세히 보면 다름,[과검출] 원래 Cpk 낮음 + 변화 없음 (유의성 게이트 부재),0,1,1,0,1,98.82,-2e-06,0.0317,0.04,0.0438,4.696708,0.368674,0.760515,6.5625,1.0416666913052088,1.1,6.6042,1.0416666653519502,1.087
FP_LOWCPK_NOCHANGE_02_L1,FP_LOWCPK_NOCHANGE,1,L1 차이 거의 없음,[과검출] 원래 Cpk 낮음 + 변화 없음 (유의성 게이트 부재),0,1,1,0,1,99.36,1e-06,0.0367,0.02,0.0141,0.57864,0.653839,0.645244,6.5625,1.0416666462983317,1.1,6.5833,1.041666655725309,1.093
FP_LOWCPK_NOCHANGE_02_L2,FP_LOWCPK_NOCHANGE,2,L2 자세히 보면 다름,[과검출] 원래 Cpk 낮음 + 변화 없음 (유의성 게이트 부재),0,1,1,0,1,98.82,0.016077,0.0258,0.0401,0.0164,3.978083,0.367488,0.794321,6.5624,1.041499205186786,1.1,6.6042,1.0416666518468436,1.087
FP_LOWCPK_NOCHANGE_03_L1,FP_LOWCPK_NOCHANGE,1,L1 차이 거의 없음,[과검출] 원래 Cpk 낮음 + 변화 없음 (유의성 게이트 부재),0,1,1,0,1,99.64,-0.243632,0.0357,0.0193,0.0432,-1.594395,0.66438,0.656181,6.5625,1.0416666687906904,1.1,6.5826,1.0391288320708651,1.096
FP_LOWCPK_NOCHANGE_03_L2,FP_LOWCPK_NOCHANGE,2,L2 자세히 보면 다름,[과검출] 원래 Cpk 낮음 + 변화 없음 (유의성 게이트 부재),0,1,1,0,1,98.82,-0.0,0.0327,0.04,0.0412,-0.716497,0.368674,0.939347,6.5625,1.04166665820175,1.1,6.6042,1.0416666543213289,1.087
FP_LOWCPK_IMPROVED_01_L1,FP_LOWCPK_IMPROVED,1,L1 차이 거의 없음,[과검출] 나빴다가 개선됐는데 아직 Cpk<1.33 이라 검출,0,1,1,0,1,119.47,0.357781,0.2101,0.4508,0.3676,-2.251382,0.0,0.881503,7.654,1.0362388500823452,0.755,7.1869,1.039946315455901,0.902
FP_LOWCPK_IMPROVED_01_L2,FP_LOWCPK_IMPROVED,2,L2 자세히 보면 다름,[과검출] 나빴다가 개선됐는데 아직 Cpk<1.33 이라 검출,0,1,1,0,1,137.8,1.335433,0.3459,0.9071,0.6519,0.013955,0.0,0.911417,7.6509,1.027637707480411,0.762,6.7187,1.0413611160642628,1.05
FP_LOWCPK_IMPROVED_02_L1,FP_LOWCPK_IMPROVED,1,L1 차이 거의 없음,[과검출] 나빴다가 개선됐는데 아직 Cpk<1.33 이라 검출,0,1,1,0,1,119.15,0.613544,0.1744,0.4513,0.2934,-0.681492,0.0,0.944431,7.6529,1.032926847035462,0.757,7.1867,1.039264308403188,0.902
FP_LOWCPK_IMPROVED_02_L2,FP_LOWCPK_IMPROVED,2,L2 자세히 보면 다름,[과검출] 나빴다가 개선됐는데 아직 Cpk<1.33 이라 검출,0,1,1,0,1,138.34,1.065071,0.3687,0.9052,0.7302,10.517714,0.0,0.443207,7.6518,1.0306890881235566,0.759,6.7188,1.0416666629456315,1.05
FP_LOWCPK_IMPROVED_03_L1,FP_LOWCPK_IMPROVED,1,L1 차이 거의 없음,[과검출] 나빴다가 개선됐는데 아직 Cpk<1.33 이라 검출,0,1,1,0,1,119.53,0.331903,0.1992,0.4525,0.3481,4.313795,0.0,0.840834,7.6524,1.0319821649905025,0.758,7.1854,1.0354073440037805,0.906
FP_LOWCPK_IMPROVED_03_L2,FP_LOWCPK_IMPROVED,2,L2 자세히 보면 다름,[과검출] 나빴다가 개선됐는데 아직 Cpk<1.33 이라 검출,0,1,1,0,1,138.9,0.57092,0.3578,0.908,0.6288,-2.59668,0.0,0.904923,7.6515,1.0291949933094882,0.761,6.717,1.0350708701466746,1.057
FP_SD_IMPROVED_01_L1,FP_SD_IMPROVED,1,L1 차이 거의 없음,[과검출] 산포가 줄어 개선됐는데 |Δσ%| 절대값이라 검출,0,1,1,0,1,120.5,-17.0,0.0545,0.0,0.0054,-13.579783,1.0,0.0,5.0,1.0416666697800567,1.6,5.0,0.8645833386208982,1.928
FP_SD_IMPROVED_01_L2,FP_SD_IMPROVED,2,L2 자세히 보면 다름,[과검출] 산포가 줄어 개선됐는데 |Δσ%| 절대값이라 검출,0,1,1,0,1,128.19,-22.0,0.0624,0.0,0.0322,-11.511237,1.0,0.0,5.0,1.0416666612305447,1.6,5.0,0.8124999974411318,2.051
FP_SD_IMPROVED_02_L1,FP_SD_IMPROVED,1,L1 차이 거의 없음,[과검출] 산포가 줄어 개선됐는데 |Δσ%| 절대값이라 검출,0,1,1,0,1,120.5,-17.000002,0.0555,0.0,0.0043,-18.193332,1.0,0.0,5.0,1.0416666730716022,1.6,5.0,0.8645833192754565,1.928
FP_SD_IMPROVED_02_L2,FP_SD_IMPROVED,2,L2 자세히 보면 다름,[과검출] 산포가 줄어 개선됐는데 |Δσ%| 절대값이라 검출,0,1,1,0,1,128.19,-22.000001,0.0823,0.0,0.0287,-23.274747,1.0,0.0,5.0,1.041666665282888,1.6,5.0,0.8124999923237759,2.051
FP_SD_IMPROVED_03_L1,FP_SD_IMPROVED,1,L1 차이 거의 없음,[과검출] 산포가 줄어 개선됐는데 |Δσ%| 절대값이라 검출,0,1,1,0,1,120.5,-17.000001,0.0644,0.0,0.011,-16.677536,1.0,0.0,5.0,1.0416666803952146,1.6,5.0,0.8645833375647745,1.928
FP_SD_IMPROVED_03_L2,FP_SD_IMPROVED,2,L2 자세히 보면 다름,[과검출] 산포가 줄어 개선됐는데 |Δσ%| 절대값이라 검출,0,1,1,0,1,128.19,-22.000001,0.0773,0.0,0.002,-23.923347,1.0,0.0,5.0,1.0416666668753987,1.6,5.0,0.8124999861042953,2.051
FP_TINY_SIGMA_01_L1,FP_TINY_SIGMA,1,L1 차이 거의 없음,[과검출] σ 가 아주 작아 절대 변화는 무의미한데 비율만 큼,0,1,1,0,1,83.33,19.999992,0.0545,0.0,0.016,21.471483,1.0,0.0,5.0,0.0800000178256986,20.833,5.0,0.09600001499457331,17.361
FP_TINY_SIGMA_01_L2,FP_TINY_SIGMA,2,L2 자세히 보면 다름,[과검출] σ 가 아주 작아 절대 변화는 무의미한데 비율만 큼,0,1,1,0,1,76.93,30.000013,0.0714,0.0,0.0102,32.523049,1.0,0.0,5.0,0.07999999708869612,20.833,5.0,0.10400000675876298,16.026
FP_TINY_SIGMA_02_L1,FP_TINY_SIGMA,1,L1 차이 거의 없음,[과검출] σ 가 아주 작아 절대 변화는 무의미한데 비율만 큼,0,1,1,0,1,83.33,19.999975,0.0664,0.0,0.0342,25.945951,1.0,0.0,5.0,0.08000000824970811,20.833,5.0,0.09599998993893342,17.361
FP_TINY_SIGMA_02_L2,FP_TINY_SIGMA,2,L2 자세히 보면 다름,[과검출] σ 가 아주 작아 절대 변화는 무의미한데 비율만 큼,0,1,1,0,1,76.93,29.999995,0.0753,0.0,0.0192,30.504691,1.0,0.0,5.0,0.07999999531076218,20.833,5.0,0.10399998997392365,16.026
FP_TINY_SIGMA_03_L1,FP_TINY_SIGMA,1,L1 차이 거의 없음,[과검출] σ 가 아주 작아 절대 변화는 무의미한데 비율만 큼,0,1,1,0,1,83.33,19.999976,0.0575,0.0,0.0124,13.493344,1.0,1e-06,5.0,0.08000001223362331,20.833,5.0,0.09599999551026671,17.361
FP_TINY_SIGMA_03_L2,FP_TINY_SIGMA,2,L2 자세히 보면 다름,[과검출] σ 가 아주 작아 절대 변화는 무의미한데 비율만 큼,0,1,1,0,1,76.93,29.999985,0.0773,0.0,0.0523,35.405275,1.0,0.0,5.0,0.07999999884281991,20.833,5.0,0.10399998652510593,16.026
FP_DISCRETE_JITTER_01_L1,FP_DISCRETE_JITTER,1,L1 차이 거의 없음,[과검출] 이산 경계 die 이동만으로 σ 비율이 흔들림,0,1,1,0,1,62.89,52.406262,0.113,0.5762,,,0.0,0.0,4.9901,0.392712016479369,4.236,5.2164,0.5985177056601452,2.664
FP_DISCRETE_JITTER_01_L2,FP_DISCRETE_JITTER,2,L2 자세히 보면 다름,[과검출] 이산 경계 die 이동만으로 σ 비율이 흔들림,0,1,1,0,1,40.99,112.717703,0.3647,1.7164,,,0.0,0.0,4.9917,0.38208058245922016,4.355,5.6475,0.812753040438057,1.785
FP_DISCRETE_JITTER_02_L1,FP_DISCRETE_JITTER,1,L1 차이 거의 없음,[과검출] 이산 경계 die 이동만으로 σ 비율이 흔들림,0,1,1,0,1,64.13,49.064733,0.113,0.593,,,0.0,0.0,4.9934,0.3927815562629041,4.238,5.2263,0.5854987774772696,2.718
FP_DISCRETE_JITTER_02_L2,FP_DISCRETE_JITTER,2,L2 자세히 보면 다름,[과검출] 이산 경계 die 이동만으로 σ 비율이 흔들림,0,1,1,0,1,41.73,107.716108,0.3845,1.7518,,,0.0,0.0,4.9851,0.39604994513659025,4.196,5.6789,0.8226595299794763,1.751
FP_DISCRETE_JITTER_03_L1,FP_DISCRETE_JITTER,1,L1 차이 거의 없음,[과검출] 이산 경계 die 이동만으로 σ 비율이 흔들림,0,1,1,0,1,62.82,52.396399,0.106,0.5585,,,0.0,0.0,5.0066,0.37848965486726716,4.398,5.218,0.5768046061009671,2.763
FP_DISCRETE_JITTER_03_L2,FP_DISCRETE_JITTER,2,L2 자세히 보면 다름,[과검출] 이산 경계 die 이동만으로 σ 비율이 흔들림,0,1,1,0,1,44.6,95.991293,0.3528,1.5546,,,0.0,0.0,4.9934,0.41329378060703703,4.027,5.6359,0.8100198224959384,1.796
FP_OUTLIER_FEW_01_L1,FP_OUTLIER_FEW,1,L1 차이 거의 없음,[과검출] die 약 2% 이탈만으로 σ 급등 (본체는 동일),0,1,0,0,0,87.62,13.067684,0.0208,0.0449,0.0229,2.514111,0.344537,0.155261,5.0,1.0416666619406256,1.6,4.9532,1.1777883732078365,1.402
FP_OUTLIER_FEW_01_L2,FP_OUTLIER_FEW,2,L2 자세히 보면 다름,[과검출] die 약 2% 이탈만으로 σ 급등 (본체는 동일),0,1,1,0,1,83.19,20.17318,0.0287,0.0022,0.002,1.261843,0.964222,0.017363,5.0,1.0416666776655827,1.6,4.9977,1.2518039751028263,1.331
FP_OUTLIER_FEW_02_L1,FP_OUTLIER_FEW,1,L1 차이 거의 없음,[과검출] die 약 2% 이탈만으로 σ 급등 (본체는 동일),0,1,1,0,1,84.94,17.684514,0.0317,0.0028,0.0256,7.142559,0.954342,0.003229,5.0,1.0416666646965733,1.6,5.0029,1.2258803497913309,1.359
FP_OUTLIER_FEW_02_L2,FP_OUTLIER_FEW,2,L2 자세히 보면 다름,[과검출] die 약 2% 이탈만으로 σ 급등 (본체는 동일),0,1,1,0,1,82.75,20.802644,0.0337,0.0031,0.0266,5.748134,0.950391,0.004418,5.0,1.041666670582038,1.6,4.9968,1.2583608789718292,1.324
FP_OUTLIER_FEW_03_L1,FP_OUTLIER_FEW,1,L1 차이 거의 없음,[과검출] die 약 2% 이탈만으로 σ 급등 (본체는 동일),0,1,1,0,1,85.69,15.759993,0.0387,0.0403,0.0472,0.878914,0.402554,0.035624,5.0,1.041666660401149,1.6,4.958,1.2058332569849959,1.371
FP_OUTLIER_FEW_03_L2,FP_OUTLIER_FEW,2,L2 자세히 보면 다름,[과검출] die 약 2% 이탈만으로 σ 급등 (본체는 동일),0,1,1,0,1,83.31,19.69659,0.0446,0.0127,0.0005,3.429124,0.796377,0.002428,5.0,1.0416666655850013,1.6,5.0132,1.2468394781648269,1.333
